amplicon	ampInsert_start	ampInsert_end	amplicon_start	amplicon_end	ampInsert_length	amplicon_length	fwd_primer	rev_primer
Pf3D7_03_v3-221295-221532-2	221328	221511	221295	221532	183	237	ACAACTCAAACTAAGATGTGTTCTTTATCTAAT	ACTGAATGGTCCCCATGTAGT
Pf3D7_03_v3-221463-221712-1B	221485	221679	221463	221712	194	249	TAGCAGAGCCAGGCTTTATTCT	AATGCAAATCCTAATAAAAACAATCAAGGTAAT
Pf3D7_03_v3-891553-891827-1A	891586	891794	891553	891827	208	274	GTCTTGTTTGTTTGTTATGATATGTTCTTTATT	ACATATCCATAGCAGAGTCTTCTTATTTCTTAT
Pf3D7_04_v3-1005938-1006187-1A	1005971	1006155	1005938	1006187	184	249	ATCATCATGAATATGTTTTCCTGATACATAAAT	AATTCTTATGGAACAAAATTCGAATCAGGATA
Pf3D7_04_v3-115455-115684-1A	115484	115652	115455	115684	168	229	TTTTAGTTTCGGTATTTTGTGTTCCTCTT	AAGAAATTTATCAGAGTTACAAAAGGGAAATC
Pf3D7_04_v3-544454-544718-1A	544487	544685	544454	544718	198	264	TGAAAGAGAAATATAATATACAACAGGAGGAAA	GTGTCTGTATTTAATAAATGATTATCTGGGTTA
Pf3D7_04_v3-748105-748359-1B	748129	748326	748105	748359	197	254	CGACGTTTTCGATATTTATGCCAT	TCATTTACATTATCCACAGTTTCTTTGTTTAAA
Pf3D7_04_v3-748374-748611-1B	748407	748581	748374	748611	174	237	AAAAATTACAAAATGTTGTAGTTATGGGAAGAA	TCTAAAAATTCTTGATAAACAACGGAACCT
Pf3D7_05_v3-1322099-1322341-1A	1322132	1322313	1322099	1322341	181	242	TTTTCTATTGAATCCATGAAATAGGAATATGAA	ATCAGCAACGATAGTACAAATTGAATGA
Pf3D7_05_v3-350808-351052-1A	350841	351019	350808	351052	178	244	AAAGCATCATTTTGCTCATAATTATATGTATGA	GAACAGTTCATATATATAATTCAACAACAGCCA
Pf3D7_05_v3-958079-958350-1B	958106	958317	958079	958350	211	271	GCTGTATTATCAGGAGGAACATTACCT	TCAGATCTTAATTTAGATCCAGGATTATTATCA
Pf3D7_05_v3-958372-958608-1B	958395	958580	958372	958608	185	236	AGTGAGTTCAGGAATTGGTACGA	CCCATTAAAGCCTCTTCTATAATGGACA
Pf3D7_05_v3-959183-959446-6	959212	959413	959183	959446	201	263	CCAACCGAAGGAGATATTATTGTAAATGA	TTCTAATAATTCATTTGATGTCATAGAATTCGA
Pf3D7_05_v3-961511-961758-1B	961544	961730	961511	961758	186	247	AAAAATGTAAATGAATTTTCAAACCAATCTGGA	ATAGCAGCAAACTTACTAACACGTTTAA
Pf3D7_06_v3-532166-532407-1A	532195	532380	532166	532407	185	241	TGATCAAGCTGAATCTATCCTATTGGATC	TGGTATATTGTTTATTGGGATCCCCTT
Pf3D7_07_v3-403487-403750-2	403508	403717	403487	403750	209	263	CAGATGGCTCACGTTTAGGTG	TTCCCTTTTTATTTCCAAATAAGGAATAAACAA
Pf3D7_08_v3-1099719-1099977-1A	1099751	1099944	1099719	1099977	193	258	AGATAATTTGAAAAACGATGAAAAAGATGAAG	AGCAAAATTATCACATATGTTACATTCATACAC
Pf3D7_08_v3-1176313-1176549-1A	1176346	1176524	1176313	1176549	178	236	TTGTTATATCCGTTGATATAAAAGAAGGATCAT	GGGACCTTACAACCTTTTTGTAAGC
Pf3D7_08_v3-1375205-1375450-2	1375238	1375418	1375205	1375450	180	245	TTTCTATTTGCAATTAAAATGCTTACGTTATCT	TTTCACTTCATGTATTTATGTATGCAGAACTT
Pf3D7_08_v3-1377992-1378234-6	1378024	1378202	1377992	1378234	178	242	ATTATTAATTCCTAAGTAAACATATCGCAAGG	ATCCTTATCGGCATATATTTAATTAATGCTCT
Pf3D7_08_v3-1382231-1382505-6	1382264	1382472	1382231	1382505	208	274	AATATGTAGTTGTATTTCACATATATATGGTGC	GAGTCTAAACTATAAAAATTACCCCCAATAAAT
Pf3D7_08_v3-1386795-1387043-1B	1386822	1387013	1386795	1387043	191	248	CATAAGCGTGTTAGTAGTTTCAGTTGT	CTTTGAATGGTGTTCCATTGAAATCAATTA
Pf3D7_08_v3-336421-336651-1A	336454	336618	336421	336651	164	230	AATATTTCCCACAATATGAATACATGAATATGA	ACATATAATAATCTTGAACCCTCTTTCTCAAGT
Pf3D7_08_v3-549583-549807-1B	549610	549776	549583	549807	166	224	CAGATGGAGGTATTTTTGTTGAACCTA	TTGGTTTCGCATCACATTTAACAATTTTATT
Pf3D7_08_v3-549960-550215-1B	549989	550182	549960	550215	193	255	ATGCATAAAAGAGGAAATCCACATACAAT	GGGCAATAAATCTTTTTCTTGAATATCCAATAA
Pf3D7_08_v3-550057-550318-2	550090	550294	550057	550318	204	261	TTCTTGTATTAAATGGAATACCTCGTTATAGGA	ATCCAATTGTGTGATTTGTCCACA
Pf3D7_09_v3-595828-596094-1A	595861	596063	595828	596094	202	266	TTTAGTAATGTTACATATAATATTCCACACGGT	AAACAAACTGAAGATTTCATTACACAATATG
Pf3D7_10_v3-1414337-1414596-1A	1414370	1414565	1414337	1414596	195	259	TTAAAGCATTATGAAGAATGGGTTAATAGAAGG	AAAGAAGTGGTTGTTAGAGAATCTTGATTTT
Pf3D7_11_v3-115913-116184-1A	115946	116151	115913	116184	205	271	TTCTTATATCAACCTTTTCAAGAGGAACTTTAG	AATAGCTTTACGTTATGATCCAGAAAATAATGA
Pf3D7_12_v3-2092529-2092798-1B	2092559	2092765	2092529	2092798	206	269	ATGATTTGTTCATATTATAGGTACCATGGC	TCTTATGACCATTTAATATACATAAAGGATCCT
Pf3D7_12_v3-2092654-2092884-2	2092683	2092852	2092654	2092884	169	230	CTTGATTTGTCATTTAACCCGTGTTATAG	ATCCCATATATTAACAGAAGAATCAAAAGAGG
Pf3D7_12_v3-659881-660127-1A	659903	660096	659881	660127	193	246	CATATGTTGCTGGGTCGACTTT	GCTTTTCTTGAATCACAATCAATGAATAAGA
Pf3D7_13_v3-1419363-1419626-1A	1419396	1419601	1419363	1419626	205	263	TCTTTAGAATTTAAAACGAAGTCTTCATATTCT	GGTAAAGGCACAAAGTGAAACAGAT
Pf3D7_13_v3-1465616-1465890-1A	1465639	1465870	1465616	1465890	231	274	CCTTCTTCTGGATTTGGTGAAGG	TGTGGTGTTTGGGACGAATG
Pf3D7_13_v3-146695-146934-1A	146725	146904	146695	146934	179	239	GGTATTACTCAACCAAGAAAAATAGCTGTA	ATCCATATTTATACTTCTTTCATGTGCTTC
Pf3D7_13_v3-1724812-1725080-6	1724845	1725047	1724812	1725080	202	268	TCATTTTATATATTTGCTATTAAAACGGAGTGA	ATTGATAATGAACATAACATATTAGATTCCGTT
Pf3D7_13_v3-1725006-1725257-6	1725039	1725224	1725006	1725257	185	251	ATTTAGAAATTGCCATCTTTTATTAAATGGTTG	GTTGCTTTTGATAATAAAATTTATGTCATTGGT
Pf3D7_13_v3-1725184-1725456-6	1725217	1725423	1725184	1725456	206	272	TCATATACTTCAATAGAATTTAATCTCTCACCA	AAGAGATGTATGGTATGTTTCAAGTAATTTAAA
Pf3D7_13_v3-1725387-1725660-6	1725418	1725633	1725387	1725660	215	273	ATTTGACGTAACACCACAATTATTTCTTCTA	TTGTATAGGTGGATTTGATGGTGTAGA
Pf3D7_13_v3-1725463-1725721-6	1725490	1725698	1725463	1725721	208	258	TCATACACCTCAGTTTCAAATAAAGCC	AAGCCTTGTTGAAAGAAGCAGAA
Pf3D7_13_v3-2814606-2814855-1B	2814631	2814826	2814606	2814855	195	249	GCTGAAAAGGGTCAGTCTTCTAATT	GAGGATTTATTGTTTCCTTATTCCCTTGA
Pf3D7_13_v3-2816310-2816554-1B	2816334	2816526	2816310	2816554	192	244	GGTGGAGAGGTAACACATACTGAT	CTTGTAGAAGGAATAGATACACCATCCT
Pf3D7_13_v3-2840462-2840736-1B	2840495	2840703	2840462	2840736	208	274	AAATCGCTATCCTATAAATTACAAAACAAGAAT	ACACCATTAAATCCATTTAATCGAAGATTAAAA
Pf3D7_13_v3-2841390-2841688-1B2	2841411	2841661	2841390	2841688	250	298	ACCTGCATGTGCTTGACTTTC	AAAAATAAAATATTATCCGCTGCCGTT
Pf3D7_13_v3-2844334-2844629-1B2	2844355	2844599	2844334	2844629	244	295	ATGCTAGGTGTATACGCACAG	AACCTTATGAGACCCTCCTTTATATTTATC
Pf3D7_14_v3-2004362-2004606-1A	2004395	2004574	2004362	2004606	179	244	TTGCTACATATGTTTATGTGTAAAGGTTAATAT	CAGAAACTTGATGAACAATCAAAGAATATAGC
Pf3D7_14_v3-293575-293829-1B	293608	293796	293575	293829	188	254	ACAGAAAGGATTTCAAATACTATATGTACTTCT	GTTTTAGTAAGTCCTGAATTAAGAAAATTGACA
Pf3D7_14_v3-294506-294753-1B	294538	294730	294506	294753	192	247	GTACCAACTGACTTTTTAAATAAAATGTTGCA	GGGTCACCTAGAATAAAGGTTGG
Pf3D7_14_v3-297583-297856-1B	297616	297824	297583	297856	208	273	AAATATTATTTGTGACAGTTTTCATAGTTTTGG	TCCACATTATCAAACTCACTACCTAAATAACT
Pf3D7_14_v3-298368-298636-1B	298401	298603	298368	298636	202	268	TTTGATGGACCATTGAACTATGAAAAATTAAAT	GTATATACTTTATTTGGTGAACGATATTCGAGT
Pf3D7_14_v3-377765-378020-1A	377798	377992	377765	378020	194	255	ATTCTTGTAGAATATCAAAAGAAATTCGTAACA	TTGCACAATAATGGAAAAAGAAAATGCA
Pf3D7_14_v3-771407-771633-1A	771433	771601	771407	771633	168	226	TCCCGAAAACATATCACTAGATCCAT	AAAAATTAAACATGATGCCACATTTTAGTAGT
PKNH_12_v2-198869-199113-1AB	198894	199083	198869	199113	189	244	CTCCAATAAAGTGGAACAGACAAGA	ATAAAATGGTGCTTCTGAAAAGATACATCA
PKNH_MIT_v2-2269-2518-6	2299	2488	2269	2518	189	249	CAGGATTATTTGGAGGATTCGGTAATTATT	CCAGACACTAAAAGACCAATAATGATTACA
PmUG01_12_v1-1397996-1398245-1AB	1398021	1398213	1397996	1398245	192	249	CATTTCAATAATAGCAGCAGCTGGA	ATCACAAAAATTAAATGTTTGTCCAAGAGATG
PmUG01_MIT_v1-574-817-6	607	784	574	817	177	243	TTTCTAAAAGAAATTGTAAACATGCAGTCATAC	TCTATTAGAGAAAGTTTTTATTCCACATTTTCT
PocGH01_12_v1-1106456-1106697-1AB	1106483	1106671	1106456	1106697	188	241	GTGGAGCATATCAAAACCTTTTTCAAA	CATGGCAATAAAATGGTTGTGTTGAA
PocGH01_MIT_v2-336-583-6	359	550	336	583	191	247	CTCTAGCACCAAATGCCATTTTG	ACAAAGTTTATTTGGAATAATACCATTATCTCA
PvP01_12_v1-1184983-1185208-1AB	1185008	1185184	1184983	1185208	176	225	CCTCTAGTAGAGTGGAACAAACAAG	AGGTACATCACAGTTGGAGGTATC
PvP01_MIT_v2-4440-4671-6	4471	4642	4440	4671	171	231	ATTGCATTACATGATACTTACTATGTAATCG	GAATACGTCTAGGCATTACATTAAATCCA
