amplicon	amplicon_start	amplicon_end	ampInsert_start	ampInsert_end	rev_primer	fwd_primer	amplicon_length	ampInsert_length	fwd_primer
PvP01_01_v1-169452-169699	169452	169699	169480	169679	CCCGTTACCGATTCGACCAT	ACAATTTCAAGAGAGAAACTTCAGATGA	248	200	ACAATTTCAAGAGAGAAACTTCAGATGA
PvP01_01_v1-171574-171795	171574	171795	171594	171775	CCTGCGTTGGTTAGCTCCAT	CAAAACTGGAAGCCCCTCGA	222	182	CAAAACTGGAAGCCCCTCGA
PvP01_01_v1-377585-377705	377585	377705	377605	377685	TGCATTTGTGAGGCTTTCGG	GCAAACCGACTTGTCCAACG	121	81	GCAAACCGACTTGTCCAACG
PvP01_01_v1-459908-460070	459908	460070	459928	460050	TTGCGCCACATGAATTTGCA	TTTCCAACCGGGGCATATCC	163	123	TTTCCAACCGGGGCATATCC
PvP01_01_v1-462736-462915	462736	462915	462756	462895	AGTTGTTTCACCGGCAAACG	TCCGCACGGTTCGTATGTAG	180	140	TCCGCACGGTTCGTATGTAG
PvP01_01_v1-463309-463544	463309	463544	463336	463524	ATCCCCAGAAGAGGAAACGC	CCATTTCGTTTTTTCTTTCTCTTTCCA	236	189	CCATTTCGTTTTTTCTTTCTCTTTCCA
PvP01_01_v1-761116-761226	761116	761226	761136	761209	GAGTCCCCTGAAGGCGC	TTGGAGAGCCTTCCTCAGGT	111	74	TTGGAGAGCCTTCCTCAGGT
PvP01_01_v1-772065-772204	772065	772204	772085	772184	CCCTTTCCCCCCTTTCCAAA	CGCGGCAGAAAAATGTTCGA	140	100	CGCGGCAGAAAAATGTTCGA
PvP01_01_v1-902828-903010	902828	903010	902848	902990	GTGAAGGGGAGGCATTGTCA	GGATCTGCCATTCCTGCGAT	183	143	GGATCTGCCATTCCTGCGAT
PvP01_02_v1-135253-135434	135253	135434	135273	135414	GGAACGGGAATCTAGCGCAT	ACCCCCTCACCTTCCATGAT	182	142	ACCCCCTCACCTTCCATGAT
PvP01_02_v1-154061-154199	154061	154199	154081	154173	ATTGAACATGAATGATTTGCACAAGT	CCGTATGCAGTCATCCGTCA	139	93	CCGTATGCAGTCATCCGTCA
PvP01_02_v1-154268-154375	154268	154375	154289	154351	ACAGTAGAAGGAAGAGACATTGGG	CGTTCTGACGTTCCAGTTGTG	108	63	CGTTCTGACGTTCCAGTTGTG
PvP01_02_v1-155051-155274	155051	155274	155071	155251	TGGTGAAAGATGCCGTTATTGTT	GGTCTCTACGTAACGCTCGT	224	181	GGTCTCTACGTAACGCTCGT
PvP01_02_v1-155702-155912	155702	155912	155722	155892	CATAAATGGCTGCGCTGACC	AACGCCTCCAACTTTGCTCA	211	171	AACGCCTCCAACTTTGCTCA
PvP01_02_v1-156042-156248	156042	156248	156062	156220	TGACCTTTTTGAGAATATCCAGTACAAA	TGGCTTCCACATTTCTCGGG	207	159	TGGCTTCCACATTTCTCGGG
PvP01_02_v1-156916-157014	156916	157014	156941	156994	GGCACGATCGGAGGTATGAG	TGCCTGATCCAACATTTCCAATAAC	99	54	TGCCTGATCCAACATTTCCAATAAC
PvP01_02_v1-158042-158197	158042	158197	158062	158169	AGCTGTAACAGTGTTAAAAAAAATCCTT	AGATGTGTCCTCTTCCCCCA	156	108	AGATGTGTCCTCTTCCCCCA
PvP01_02_v1-263823-264011	263823	264011	263843	263991	GAGTCGGTGCCCTTTTCTGG	GCAAAGTGGGCAGCAAATCA	189	149	GCAAAGTGGGCAGCAAATCA
PvP01_02_v1-324879-325100	324879	325100	324899	325080	GGAATCTTCTCCCCTCCCCG	CACCTGGTGGGAAGAAGGAC	222	182	CACCTGGTGGGAAGAAGGAC
PvP01_02_v1-429431-429616	429431	429616	429454	429596	AAAGGCCAAGGAAGTCCGTT	AGACGTCATCAAAGAGTGGAACA	186	143	AGACGTCATCAAAGAGTGGAACA
PvP01_02_v1-535456-535669	535456	535669	535475	535649	GTCGCAGGAAGACACAGTGA	GCGTTTGGCAGTCGCTAAA	214	175	GCGTTTGGCAGTCGCTAAA
PvP01_02_v1-559627-559820	559627	559820	559647	559800	CAATGTGAGTGGCGGTTTGG	TACTGCGGGGACTACTACGA	194	154	TACTGCGGGGACTACTACGA
PvP01_02_v1-659384-659549	659384	659549	659404	659529	AGCGGTGAAGTCAAACGACT	CGATGCGTGCTTCTTAACCC	166	126	CGATGCGTGCTTCTTAACCC
PvP01_02_v1-671464-671579	671464	671579	671484	671558	GAATAGAGCTGCTTGTTCGCG	GCCACCTTTGCGTTTCGTTA	116	75	GCCACCTTTGCGTTTCGTTA
PvP01_02_v1-672879-673100	672879	673100	672903	673080	CCCCGATTGGTCCCTCATTC	AGAAAACATGACAAAGTACGAGCG	222	178	AGAAAACATGACAAAGTACGAGCG
PvP01_03_v1-111119-111334	111119	111334	111140	111314	TGCGGAACACTTGAGTCACT	GTTCTGCTTTCTCCCAACCCT	216	175	GTTCTGCTTTCTCCCAACCCT
PvP01_03_v1-132009-132193	132009	132193	132029	132173	CCACACTGGGTGCAAGTGAT	GTAAACGTGGAGTGCAACCG	185	145	GTAAACGTGGAGTGCAACCG
PvP01_03_v1-236821-237001	236821	237001	236841	236981	CCGCACAGTAATGCCTCGTA	GGGGCTTGCTATATGGCGTA	181	141	GGGGCTTGCTATATGGCGTA
PvP01_03_v1-251954-252200	251954	252200	251975	252180	CCCCAAGAAAACCCCACCTT	CGATTTGGAATCCCCTTCTGC	247	206	CGATTTGGAATCCCCTTCTGC
PvP01_03_v1-283334-283520	283334	283520	283354	283500	CACAAGGGAGACGAACTGCT	CATCCATGGTAAGCTGCCCA	187	147	CATCCATGGTAAGCTGCCCA
PvP01_03_v1-320251-320406	320251	320406	320271	320386	GCGCACAGTGAAGCAGATTT	GTCGACCTCTCCTGCCAATT	156	116	GTCGACCTCTCCTGCCAATT
PvP01_03_v1-553477-553535	553477	553535	553503	553511	TCCCAAAAAACTTAGCCAAATGGT	TGGAGAATATAAAGAAGAAGCAGGGA	59	9	TGGAGAATATAAAGAAGAAGCAGGGA
PvP01_03_v1-634004-634244	634004	634244	634027	634224	TGCAGTTAAGGCAGACCCAT	GGCATTTTCTATGCTCTGTTCGT	241	198	GGCATTTTCTATGCTCTGTTCGT
PvP01_03_v1-661455-661690	661455	661690	661477	661670	ACGGCGGTACAAAATCTCGT	TGGAGGAGAATTACGGGAAGGA	236	194	TGGAGGAGAATTACGGGAAGGA
PvP01_03_v1-751643-751850	751643	751850	751664	751830	ATCTCGTAGGGGGCAGTCTT	CCATGTTTGGTCTCCTAGCCA	208	167	CCATGTTTGGTCTCCTAGCCA
PvP01_03_v1-787047-787211	787047	787211	787067	787191	CTACCCATGGAGCCATCTCG	CCACGCGTGTATAAAGCTGC	165	125	CCACGCGTGTATAAAGCTGC
PvP01_03_v1-853670-853771	853670	853771	853690	853751	GGGGCCACTCTAGATAGCCA	AGTGACTTCCCTCTCCAGCA	102	62	AGTGACTTCCCTCTCCAGCA
PvP01_03_v1-869416-869571	869416	869571	869436	869551	GATGCTTTTCATTCCGGCGT	CCTGGGAAAGATCTGTGCGT	156	116	CCTGGGAAAGATCTGTGCGT
PvP01_04_v1-226196-226384	226196	226384	226216	226362	AGCTGAATCAGAGAAGCTAGCA	GCCTCTTCCGTAGCATCCTC	189	147	GCCTCTTCCGTAGCATCCTC
PvP01_04_v1-227070-227281	227070	227281	227090	227261	AGAAGCTGAACGTGAAGCCA	TAGTTTCCTCCGCAACGTCG	212	172	TAGTTTCCTCCGCAACGTCG
PvP01_04_v1-309291-309470	309291	309470	309311	309450	GGGCAGTCTCGAGAAGGAAA	TGCCTTTTCTGTGTGCCCAT	180	140	TGCCTTTTCTGTGTGCCCAT
PvP01_04_v1-337218-337355	337218	337355	337238	337336	GCGAAGAGGGAGCTCGAAA	CTGCGTAATGGTCCTCTCGT	138	99	CTGCGTAATGGTCCTCTCGT
PvP01_04_v1-482815-482948	482815	482948	482835	482928	TCATCCAACGGATCGCACAA	TTGGTGCGCGTCGTCTTTAT	134	94	TTGGTGCGCGTCGTCTTTAT
PvP01_04_v1-520704-520829	520704	520829	520724	520809	GTGTCTGCAGGGCTTTGTTG	ACGCCCTTGTAAAAAACGCC	126	86	ACGCCCTTGTAAAAAACGCC
PvP01_04_v1-763183-763347	763183	763347	763203	763327	AGTGAAGTCTGCTGTCGTCG	AAAGCAAAACGGCAGATGCG	165	125	AAAGCAAAACGGCAGATGCG
PvP01_04_v1-830281-830414	830281	830414	830301	830394	AGGTAAATCCACAGCACGGG	GCCTTCTTACCCACTGCCAT	134	94	GCCTTCTTACCCACTGCCAT
PvP01_04_v1-833224-833403	833224	833403	833244	833383	GTCTCGCCTGATTTGGTCGA	AGCCATGTTGGAAGCTCCTC	180	140	AGCCATGTTGGAAGCTCCTC
PvP01_04_v1-912856-913077	912856	913077	912877	913056	CCATTGCTTCTGGTATTGCCG	CGCCTTTGTGCCTTTATTGGT	222	180	CGCCTTTGTGCCTTTATTGGT
PvP01_05_v1-151605-151788	151605	151788	151626	151766	GCTTCTTGCAACCATTTTGCTG	AAGCGCAATGGGAAAAATGGA	184	141	AAGCGCAATGGGAAAAATGGA
PvP01_05_v1-170452-170590	170452	170590	170472	170567	TCTGATGAAGAACAGGACCAAGA	ACGATTCCTCAGCGTCGAAA	139	96	ACGATTCCTCAGCGTCGAAA
PvP01_05_v1-234769-234902	234769	234902	234789	234882	CCGGTAAGGAGAAGTGCCTC	GTCAAAACTAGGTGTGCGCC	134	94	GTCAAAACTAGGTGTGCGCC
PvP01_05_v1-263371-263565	263371	263565	263392	263545	TTCTTCGCCACTTCCTCACC	GCCTTTTCCCCATCTTCAACG	195	154	GCCTTTTCCCCATCTTCAACG
PvP01_05_v1-463760-463980	463760	463980	463780	463956	TGCATTTTGTGAAAAGCTGTCAAA	ACACTCCGTGCTACACCTTG	221	177	ACACTCCGTGCTACACCTTG
PvP01_05_v1-563543-563737	563543	563737	563563	563717	AGAGAAAGCTCCCATCGCTG	TGAAGAATGACGCGGGGAAA	195	155	TGAAGAATGACGCGGGGAAA
PvP01_05_v1-736174-736291	736174	736291	736194	736271	GGTAGGAGAGGTAGCGGTGA	CCGCGGGAAAGACAAAACAG	118	78	CCGCGGGAAAGACAAAACAG
PvP01_05_v1-779834-780023	779834	780023	779854	780003	TGTTCGAGACCTACGGGGAT	CGCAATGGTGTTACAGACGG	190	150	CGCAATGGTGTTACAGACGG
PvP01_05_v1-782556-782742	782556	782742	782576	782722	GGTGCGCAAGGAGAGAAAAA	GAAGGGGAGGTGTGTGTGAG	187	147	GAAGGGGAGGTGTGTGTGAG
PvP01_05_v1-1077357-1077455	1077357	1077455	1077378	1077433	TGAACGGTTCATTCTTTGTCCC	AACCCATGGAGGACCTTTCAG	99	56	AACCCATGGAGGACCTTTCAG
PvP01_05_v1-1143718-1143946	1143718	1143946	1143738	1143926	CAGAGCCATGCCAACAAACA	TCCTCTGGTTGTTGTCGCTC	229	189	TCCTCTGGTTGTTGTCGCTC
PvP01_05_v1-1301564-1301716	1301564	1301716	1301584	1301698	GCCAAGTGCCGAGGACTC	TGGTTGGCACTGACTTGGTT	153	115	TGGTTGGCACTGACTTGGTT
PvP01_06_v1-87741-87940	87741	87940	87765	87917	TGAGCCATTTACAGATTTGGGTG	ACTTATCGAAGAATGAATCCCCCA	200	153	ACTTATCGAAGAATGAATCCCCCA
PvP01_06_v1-94483-94700	94483	94700	94503	94680	TGCAAAAGTCTCTCCGGACA	CACCAACAACATTGCCGAGG	218	178	CACCAACAACATTGCCGAGG
PvP01_06_v1-98959-99154	98959	99154	98976	99133	TGGCATTCATTCCTACGTTGC	CCGTGCATGCCCACCAA	196	158	CCGTGCATGCCCACCAA
PvP01_06_v1-649479-649664	649479	649664	649499	649644	GGTCACTGCGTCGAACAGTA	GCACCACTGTCCATGCTACT	186	146	GCACCACTGTCCATGCTACT
PvP01_06_v1-743995-744149	743995	744149	744015	744129	GACTACCAATGGGGGGGTTG	TGCTGTTGCAGGTGAGGTTA	155	115	TGCTGTTGCAGGTGAGGTTA
PvP01_06_v1-791879-792022	791879	792022	791899	792002	ACCTGACTTGACATGGCTGG	ACCCATCAGTGTTGAGAGCG	144	104	ACCCATCAGTGTTGAGAGCG
PvP01_06_v1-876120-876327	876120	876327	876140	876307	GCTCGAAAGCTGCAACTCAC	AGGGTTGGCAGAGGTAAAGC	208	168	AGGGTTGGCAGAGGTAAAGC
PvP01_06_v1-984017-984169	984017	984169	984037	984145	ACCATTATAGGGGGTTACCAATGG	ATTGCCGAAGCTGGAAAGGA	153	109	ATTGCCGAAGCTGGAAAGGA
PvP01_06_v1-994188-994339	994188	994339	994215	994319	GGTGGTGGGGGGAGTTTTAC	CCAGAGGATGGTTACTATAGAAGAGAA	152	105	CCAGAGGATGGTTACTATAGAAGAGAA
PvP01_06_v1-1015939-1016143	1015939	1016143	1015964	1016119	CCCTTAACCTTATCCACTACACCA	ACGGAAAAAAAATTTGCCCTAAGGT	205	156	ACGGAAAAAAAATTTGCCCTAAGGT
PvP01_07_v1-386984-387172	386984	387172	387008	387152	CGCTGGAGCTCCCTATGATG	ACGAGTTTTTCAAGCTTAACGTGT	189	145	ACGAGTTTTTCAAGCTTAACGTGT
PvP01_07_v1-411628-411769	411628	411769	411648	411749	GTGGGGGTAGCTCAGGTAGA	TACCGGAGTGAATTTGGCCC	142	102	TACCGGAGTGAATTTGGCCC
PvP01_07_v1-541795-542000	541795	542000	541815	541980	AAGAACGACAACCCGATCGG	TGGTTACCCGTTCATTCGCT	206	166	TGGTTACCCGTTCATTCGCT
PvP01_07_v1-732861-733058	732861	733058	732881	733037	ACTGTGTCTAGTGGACCCTCT	AGGTTGGTCTCCCACAACAA	198	157	AGGTTGGTCTCCCACAACAA
PvP01_07_v1-808647-808804	808647	808804	808667	808784	CGAAAATACCCGCCGAGGAT	TCACTTTGGAGCCTTTCGGG	158	118	TCACTTTGGAGCCTTTCGGG
PvP01_07_v1-907009-907221	907009	907221	907032	907201	GCACCCCCGAGAGTTTTACA	TCGAGAGTGATTTCAGCTACACA	213	170	TCGAGAGTGATTTCAGCTACACA
PvP01_07_v1-1010059-1010277	1010059	1010277	1010079	1010257	GCTCACCATAATCGGGAGGG	GGAGAGGGGGAGATTGTGGA	219	179	GGAGAGGGGGAGATTGTGGA
PvP01_07_v1-1207352-1207514	1207352	1207514	1207372	1207494	TGCTTACGCAGGGAGTTCTT	GAAAGCGCTTCACCGATGAG	163	123	GAAAGCGCTTCACCGATGAG
PvP01_07_v1-1217911-1218043	1217911	1218043	1217931	1218023	AGGAGGTCCAATTCATCGCA	CCGCTTACGCATGTCACAAG	133	93	CCGCTTACGCATGTCACAAG
PvP01_07_v1-1300762-1300985	1300762	1300985	1300782	1300965	TCAGTCCATCAAAGCTGCGA	CCCCCCTCCCTTGTTCATTC	224	184	CCCCCCTCCCTTGTTCATTC
PvP01_07_v1-1380906-1381055	1380906	1381055	1380926	1381035	TAGTTCAGCCAGCACAGACG	CGTAGGAGTACTTGGGCGTC	150	110	CGTAGGAGTACTTGGGCGTC
PvP01_07_v1-1382081-1382283	1382081	1382283	1382101	1382263	TTCGTCGTCTTCAACACCGT	AAGAGGGTGAAGACGTTGGC	203	163	AAGAGGGTGAAGACGTTGGC
PvP01_07_v1-1455561-1455798	1455561	1455798	1455581	1455778	CCCCCATTTTAGTCAGCGGA	CCTCGCTTGGATCCCTACCT	238	198	CCTCGCTTGGATCCCTACCT
PvP01_08_v1-35542-35716	35542	35716	35568	35690	CAACATATTGAGACTATCTTTGCCGA	AGACAGATTTGAATATCACCTGCAAA	175	123	AGACAGATTTGAATATCACCTGCAAA
PvP01_08_v1-36009-36133	36009	36133	36036	36111	GCTCAACAGCTCATCGACTTTC	CATACGTCTCATCTATTAAAAGTGCGT	125	76	CATACGTCTCATCTATTAAAAGTGCGT
PvP01_08_v1-41106-41216	41106	41216	41128	41196	TGTCCATTTCGGTGTGGTCA	AAGCAAATGATCTTTCCGCACA	111	69	AAGCAAATGATCTTTCCGCACA
PvP01_08_v1-335540-335747	335540	335747	335560	335727	ACGTTGGTAGAGAAGCCAGC	GCAGTTCGATGGAGCAACTG	208	168	GCAGTTCGATGGAGCAACTG
PvP01_08_v1-735613-735775	735613	735775	735633	735754	TCATGAGGAGTGGTTTCTGCC	TGTGTGACGCGATCAAATGC	163	122	TGTGTGACGCGATCAAATGC
PvP01_08_v1-856455-856688	856455	856688	856475	856668	GACTGCGAGGGTTTCACTCC	CGAGCGGTACTTACCAGCAA	234	194	CGAGCGGTACTTACCAGCAA
PvP01_08_v1-904179-904374	904179	904374	904199	904354	TATTCCGGGTGTACAGCAGC	GCCTTGCCCCGTTTCAAATT	196	156	GCCTTGCCCCGTTTCAAATT
PvP01_08_v1-1035504-1035611	1035504	1035611	1035524	1035591	ACCTTCACCAACCACCAGTG	GATGTCAAAGTGAGCCGGGA	108	68	GATGTCAAAGTGAGCCGGGA
PvP01_08_v1-1111369-1111498	1111369	1111498	1111389	1111478	GGTGAGGAGAAACCGGGTAG	AGTAGCAGTCGTCCCAGTCT	130	90	AGTAGCAGTCGTCCCAGTCT
PvP01_08_v1-1273932-1274127	1273932	1274127	1273952	1274107	CAAGCGGGGTGAGGCATATT	TATCGAGGAGGTTCAGGCCA	196	156	TATCGAGGAGGTTCAGGCCA
PvP01_08_v1-1274362-1274535	1274362	1274535	1274382	1274514	TGAAGCTATCGTGATTGGCCA	ACCTCAGCCTCATCAACCCT	174	133	ACCTCAGCCTCATCAACCCT
PvP01_08_v1-1470738-1470915	1470738	1470915	1470758	1470895	TGTGACCAACCTGTCAACGG	CTGCTGGATGTACGGCGTTA	178	138	CTGCTGGATGTACGGCGTTA
PvP01_08_v1-1570182-1570384	1570182	1570384	1570202	1570364	CGGTTGGTCATCCCGATCAG	GCAGAGCAGGAGTACAAGCA	203	163	GCAGAGCAGGAGTACAAGCA
PvP01_08_v1-1627023-1627190	1627023	1627190	1627043	1627168	CTGTCGAATGCACTAAAACGGT	TGCACGATTGGTTCCTTCGT	168	126	TGCACGATTGGTTCCTTCGT
PvP01_08_v1-1632113-1632320	1632113	1632320	1632134	1632301	GAAACAACATGGGCGACGG	CATTTTGATGATGCCACACGC	208	168	CATTTTGATGATGCCACACGC
PvP01_09_v1-264592-264772	264592	264772	264615	264752	TCAGCACTGCTTTGGTCACT	TGAAAATCGATGAGGAAGCGTTC	181	138	TGAAAATCGATGAGGAAGCGTTC
PvP01_09_v1-299249-299425	299249	299425	299272	299401	CAATCCTACACCTTACGGATCTCA	GCACCTCCAATTTAACATTCGGT	177	130	GCACCTCCAATTTAACATTCGGT
PvP01_09_v1-448158-448398	448158	448398	448180	448378	CCATGGAATGCCTCTCACGT	TCCATTTTGCGCGTTTTTGAAA	241	199	TCCATTTTGCGCGTTTTTGAAA
PvP01_09_v1-490866-490999	490866	490999	490886	490979	AGTCGCTCGTGTACTTGCAG	GGGTGAAGTAGCATCCCCAC	134	94	GGGTGAAGTAGCATCCCCAC
PvP01_09_v1-582895-583016	582895	583016	582915	582996	AATCGTCTCCTCCTGTGGGT	AGAAAGTGTAAGCAGCCCCC	122	82	AGAAAGTGTAAGCAGCCCCC
PvP01_09_v1-850250-850392	850250	850392	850270	850372	ATGACCGCAGCAAATTGAGC	GCATAAACGTGCGCAGAGAG	143	103	GCATAAACGTGCGCAGAGAG
PvP01_09_v1-966763-966909	966763	966909	966783	966887	CAATTTGCTTTTCTGGCCTCCA	AACTCCATTCAGCAGCTGCA	147	105	AACTCCATTCAGCAGCTGCA
PvP01_09_v1-1195944-1196119	1195944	1196119	1195964	1196099	CCACATTGTACAGCTGCACG	AGCCGTCTTAACCTTCCAGC	176	136	AGCCGTCTTAACCTTCCAGC
PvP01_09_v1-1207781-1207961	1207781	1207961	1207801	1207941	GAGTCCAGCCGTTGCAAAGA	CGAGCACAGGTTGGACATCT	181	141	CGAGCACAGGTTGGACATCT
PvP01_09_v1-1356858-1357051	1356858	1357051	1356878	1357031	GGATGATCCCCTTGGCCATC	TTTGCGGTGTCTAGCTAGCC	194	154	TTTGCGGTGTCTAGCTAGCC
PvP01_09_v1-1429026-1429232	1429026	1429232	1429046	1429212	CTTGCGCGAAGACGACAAAG	CTGCTCTCCACTTGAAGGGG	207	167	CTGCTCTCCACTTGAAGGGG
PvP01_09_v1-1459336-1459514	1459336	1459514	1459356	1459494	TCGAACCCCAGAACTGTGTG	GCCTTGTGCACATTGGGAAG	179	139	GCCTTGTGCACATTGGGAAG
PvP01_09_v1-1529202-1529413	1529202	1529413	1529221	1529393	GGAGTGCTCTTCAGGGTAGC	CGAGCTGCTCACGTAGTCG	212	173	CGAGCTGCTCACGTAGTCG
PvP01_09_v1-1750905-1751129	1750905	1751129	1750925	1751108	ACGTAACGAATGAGGAGAGGG	GCTGCACGTGGTTTTCACTT	225	184	GCTGCACGTGGTTTTCACTT
PvP01_09_v1-1878924-1879045	1878924	1879045	1878944	1879024	GCATGCAAGTGGAATTAGCGA	TGGTAGTGGGGGGTGATCAT	122	81	TGGTAGTGGGGGGTGATCAT
PvP01_09_v1-2053153-2053343	2053153	2053343	2053173	2053323	ACAGTCGTCACGTTCGAGTC	TACGGAGAGATGACTGGCGA	191	151	TACGGAGAGATGACTGGCGA
PvP01_09_v1-2075261-2075391	2075261	2075391	2075281	2075371	TACCTCCACATTGTGCCCAC	TGAAAAAGGTGTGCGCACAT	131	91	TGAAAAAGGTGTGCGCACAT
PvP01_09_v1-2150428-2150549	2150428	2150549	2150450	2150521	ACAATTTTATGAAGATTGGTGTCGTAGA	TCCACTGCATCCACTTTAACGA	122	72	TCCACTGCATCCACTTTAACGA
PvP01_10_v1-152392-152561	152392	152561	152412	152537	TCCCAAAGTAGTGACAATTAGGGG	AGGAGCCTTCGAAATGTGCA	170	126	AGGAGCCTTCGAAATGTGCA
PvP01_10_v1-156707-156934	156707	156934	156727	156907	TCGAATTGTTTATTTGATTGCATGTGT	GGGCTCCAACACCAAATTGC	228	181	GGGCTCCAACACCAAATTGC
PvP01_10_v1-157452-157673	157452	157673	157475	157653	TCCCATGCTTTTTTTCGGCG	AACCATCTGTACTCCTTCGACAA	222	179	AACCATCTGTACTCCTTCGACAA
PvP01_10_v1-189278-189483	189278	189483	189299	189463	GGAAGATTGGCAGCCCTACA	CAACAATGTAGGGAAAGGGGC	206	165	CAACAATGTAGGGAAAGGGGC
PvP01_10_v1-216273-216434	216273	216434	216293	216412	TTTTTTTTTTCGCTTACGGGGC	TGTGCAGGTAAAAGCGGCTA	162	120	TGTGCAGGTAAAAGCGGCTA
PvP01_10_v1-313209-313400	313209	313400	313229	313376	GAAGGACTTTGGATTTAGCGCTAT	CGTGTTTTCCGTGATGCCTC	192	148	CGTGTTTTCCGTGATGCCTC
PvP01_10_v1-479858-479956	479858	479956	479885	479931	AAGACGCTAATAAATTCGATGCTCT	TCTTCTAATTAGGAAGGAACCAAACCA	99	47	TCTTCTAATTAGGAAGGAACCAAACCA
PvP01_10_v1-480021-480237	480021	480237	480043	480217	CTATCGTGGCGGCTGTACTG	AGCCCGTAAATAATGACCGTGT	217	175	AGCCCGTAAATAATGACCGTGT
PvP01_10_v1-480363-480461	480363	480461	480384	480436	AGGAGAGAAAGTAGAGAAGACCATG	AATCCTGGGGCATGACTATCC	99	53	AATCCTGGGGCATGACTATCC
PvP01_10_v1-481504-481661	481504	481661	481527	481641	AGCCTTATCGGAGGAGTCGA	TCGTTTCGTAGTTCTTCCTCACT	158	115	TCGTTTCGTAGTTCTTCCTCACT
PvP01_10_v1-482395-482513	482395	482513	482415	482492	CCCCTTGATTTACATCTGCGG	GGATGCCTACCAACGCTTCT	119	78	GGATGCCTACCAACGCTTCT
PvP01_10_v1-628818-628957	628818	628957	628838	628937	TCCGACTTCGACTCTGTTGC	GGTTCGAAGTCAGAAGCGGA	140	100	GGTTCGAAGTCAGAAGCGGA
PvP01_10_v1-677526-677703	677526	677703	677546	677683	TTCTGACTGAACCGCGTACC	CGGCACAACTTACCTACCCA	178	138	CGGCACAACTTACCTACCCA
PvP01_10_v1-780280-780450	780280	780450	780300	780430	TTTGGTGATCAGCCCCTTGG	GGAGACGACGTAGGAGACCT	171	131	GGAGACGACGTAGGAGACCT
PvP01_10_v1-826716-826815	826716	826815	826742	826792	GATGGGTTCATCGAATTCGTCAA	CGGTACTCATTTCTATGAAGTACTGC	100	51	CGGTACTCATTTCTATGAAGTACTGC
PvP01_10_v1-827018-827156	827018	827156	827038	827138	TGGGCCTGCAGAATTGGG	GTTTCGGACTCGTGGTGGAT	139	101	GTTTCGGACTCGTGGTGGAT
PvP01_10_v1-827890-827972	827890	827972	827909	827952	AAGTGGAGGGGGAAGAAGGA	GAGATTGGCGGCGGGATAG	83	44	GAGATTGGCGGCGGGATAG
PvP01_10_v1-828057-828156	828057	828156	828080	828137	AAGACGAAGAAGCTGCGGC	TGTCGGACAAGAAGATGTTGTTC	100	58	TGTCGGACAAGAAGATGTTGTTC
PvP01_10_v1-828671-828859	828671	828859	828691	828838	CCCGTTTGACTTCTCCCTTCA	CCCAAAGCTTCCTCCCTGTT	189	148	CCCAAAGCTTCCTCCCTGTT
PvP01_10_v1-828942-829111	828942	829111	828962	829091	GGCCTTCCTGAAAAGGGTGA	CGTTTCGCCGTTTCTCCTTC	170	130	CGTTTCGCCGTTTCTCCTTC
PvP01_10_v1-830142-830240	830142	830240	830162	830217	CGTTTTACGCCTATTGTAGGGTG	GAATCCTTGCCTTCCTCCCG	99	56	GAATCCTTGCCTTCCTCCCG
PvP01_10_v1-830424-830625	830424	830625	830444	830608	CAGATGGTGCGCGCGTC	CCGAATGACCACCACTGCTA	202	165	CCGAATGACCACCACTGCTA
PvP01_10_v1-830861-830959	830861	830959	830885	830936	TTTAACGAGCGGTGTAGACTACA	ATTTTCTCCTCATCTGCGTACTTG	99	52	ATTTTCTCCTCATCTGCGTACTTG
PvP01_10_v1-831113-831276	831113	831276	831133	831256	AACGGAGCTAACCCCCCTAA	TCCAGCCTCCTCATTTTGCG	164	124	TCCAGCCTCCTCATTTTGCG
PvP01_10_v1-837891-838043	837891	838043	837911	838023	CGTACCTCCCGAACCAGATG	TGCTCGACAGAAGCATCCAG	153	113	TGCTCGACAGAAGCATCCAG
PvP01_10_v1-1051516-1051694	1051516	1051694	1051536	1051674	TCTCATGAAAGCGAACCGGA	AGAGTCACCAGGAACAAGCG	179	139	AGAGTCACCAGGAACAAGCG
PvP01_10_v1-1187370-1187580	1187370	1187580	1187390	1187560	TGTGCCAGTCGAGTGAAACA	CCAAGGCAAAACGGGTTCTG	211	171	CCAAGGCAAAACGGGTTCTG
PvP01_10_v1-1208215-1208391	1208215	1208391	1208235	1208371	CCGTCGTATAGGAAGCGGAC	CCATGGAGGCAGGTAAGTGG	177	137	CCATGGAGGCAGGTAAGTGG
PvP01_10_v1-1306763-1306932	1306763	1306932	1306783	1306912	TGGATCGGCAAATGGAGAGG	CAGCGAGCTGAGTGAGGAAA	170	130	CAGCGAGCTGAGTGAGGAAA
PvP01_10_v1-1402757-1402973	1402757	1402973	1402777	1402953	TAAGCAGGCTTTACACCCCC	AAACCGCGTGAGGTACTTGT	217	177	AAACCGCGTGAGGTACTTGT
PvP01_10_v1-1444901-1445147	1444901	1445147	1444922	1445128	CTGAAGGCCCCGAACGTAG	TCTTTGGCAGCAGTAGCAAGT	247	207	TCTTTGGCAGCAGTAGCAAGT
PvP01_11_v1-64483-64663	64483	64663	64509	64637	ATAGCAACAAATATGGCAGATACGAT	ACGTAATGATGCTTTCTGCTAATAGC	181	129	ACGTAATGATGCTTTCTGCTAATAGC
PvP01_11_v1-142613-142815	142613	142815	142633	142795	TCCTCACACAGGCCTTTGTT	CTCAACGACGTGAAGGTGGA	203	163	CTCAACGACGTGAAGGTGGA
PvP01_11_v1-160075-160174	160075	160174	160096	160152	CAGTTTTTCTTGCACTCCAGGT	ACAAGGAGAACAAGCTGGAGG	100	57	ACAAGGAGAACAAGCTGGAGG
PvP01_11_v1-161445-161544	161445	161544	161466	161521	TGTTCTTGGCCAGTGTAATGATG	AAGCCGCTCAAAATTGAAGCT	100	56	AAGCCGCTCAAAATTGAAGCT
PvP01_11_v1-214805-214961	214805	214961	214825	214941	AATTTCCGTCGCTGTCGTCT	GGACGGAAAGGAAGCACTGA	157	117	GGACGGAAAGGAAGCACTGA
PvP01_11_v1-294878-295073	294878	295073	294898	295053	CCACGTACGCAGATGACAGT	TTTCCACTCGTAGCTGCGTT	196	156	TTTCCACTCGTAGCTGCGTT
PvP01_11_v1-478371-478509	478371	478509	478391	478489	GCGCGCTAGTACCTCATTCT	GCCCACGTTCCTTCTGAAGA	139	99	GCCCACGTTCCTTCTGAAGA
PvP01_11_v1-868460-868647	868460	868647	868480	868627	GCGTGAAAAACATGGCCCAT	ACTGTACTCGTTTGGGCAGG	188	148	ACTGTACTCGTTTGGGCAGG
PvP01_11_v1-891892-892089	891892	892089	891913	892069	TCAGCATGTGGATCAGCACA	TCACTTCGGGGTAGAGAAGCT	198	157	TCACTTCGGGGTAGAGAAGCT
PvP01_11_v1-1138174-1138380	1138174	1138380	1138194	1138359	GGCGAAATGTAGGACACGAAC	ACCACTACAGCAAGCACCAC	207	166	ACCACTACAGCAAGCACCAC
PvP01_11_v1-1138930-1139122	1138930	1139122	1138950	1139102	CCATATCCAGCCACTCCCAA	GCCTCAGGTATTTTGCAGCG	193	153	GCCTCAGGTATTTTGCAGCG
PvP01_11_v1-1330359-1330522	1330359	1330522	1330379	1330502	GCCTAACACTTGGCCACGAT	TGGGAGCAACGAATGAAGCT	164	124	TGGGAGCAACGAATGAAGCT
PvP01_11_v1-1335854-1336043	1335854	1336043	1335874	1336023	AAGGCGCAAACGAGAAGGTA	CCGTTGCCACTATTCGGGAA	190	150	CCGTTGCCACTATTCGGGAA
PvP01_11_v1-1417458-1417684	1417458	1417684	1417478	1417664	CTTTTTGGTCGCCGCTCTTC	GTCGAGTCTTCGCCATAGGG	227	187	GTCGAGTCTTCGCCATAGGG
PvP01_11_v1-1548001-1548187	1548001	1548187	1548021	1548167	GTATAGGGTGACTGGGGGGA	CTGTACCGCCTATCTGTGCC	187	147	CTGTACCGCCTATCTGTGCC
PvP01_11_v1-1688373-1688583	1688373	1688583	1688393	1688563	GGCCATGAAGAAGCTCACCA	GGCCTTCTTCTCCCCAAAGG	211	171	GGCCTTCTTCTCCCCAAAGG
PvP01_11_v1-1845890-1846058	1845890	1846058	1845910	1846038	GTGGCTCAAGTTCACTCCCA	AATGGAGTCGTTCCTCTCGC	169	129	AATGGAGTCGTTCCTCTCGC
PvP01_11_v1-1880733-1880884	1880733	1880884	1880753	1880862	GGCAAACCAAAGGAGAAGAACC	TCAGCTTTGACCGTACCACC	152	110	TCAGCTTTGACCGTACCACC
PvP01_11_v1-1913816-1914049	1913816	1914049	1913836	1914030	ATTACGCTGGAGATGGCCG	CACCATGGTGCAGTACTCGT	234	195	CACCATGGTGCAGTACTCGT
PvP01_11_v1-2020025-2020203	2020025	2020203	2020045	2020178	CACTCCTATTGCTACTTCTTTTCCG	CCACCATGGCCGATATGGAA	179	134	CCACCATGGCCGATATGGAA
PvP01_12_v1-71377-71482	71377	71482	71396	71458	GCTTTTGAATTTTCTCTTCCGTGC	GAACCCTCGACGCAGATCC	106	63	GAACCCTCGACGCAGATCC
PvP01_12_v1-486604-486703	486604	486703	486622	486684	TGGTACTGCTCCACGGAGT	CCAGAAGCTCAGGGGCAG	100	63	CCAGAAGCTCAGGGGCAG
PvP01_12_v1-493790-493973	493790	493973	493810	493953	AACGCGCTGAAGAAGAAGGA	CTCGGTTCGTTGGCTCATCT	184	144	CTCGGTTCGTTGGCTCATCT
PvP01_12_v1-769607-769827	769607	769827	769627	769807	CAGAGGCTCAGGTTCCACAG	GGAATGAGGCCGTAGCTCTC	221	181	GGAATGAGGCCGTAGCTCTC
PvP01_12_v1-1063938-1064109	1063938	1064109	1063965	1064089	AAAGGAAGACGTGGCGACTG	ATTGTTCATACAAATGGTTAGTCCCTT	172	125	ATTGTTCATACAAATGGTTAGTCCCTT
PvP01_12_v1-1347429-1347615	1347429	1347615	1347449	1347595	GGTCCCTCCCGTATGGTAAC	ATGTCCGTCCAGGTTCATCG	187	147	ATGTCCGTCCAGGTTCATCG
PvP01_12_v1-1383037-1383147	1383037	1383147	1383057	1383127	AGCGCCCTTGAAATTTGCTT	CCTGAGGTTGTTACTCCGCA	111	71	CCTGAGGTTGTTACTCCGCA
PvP01_12_v1-1461283-1461466	1461283	1461466	1461303	1461446	GGGGGAGAAGTAGAACGCAC	TTCTCAACGAGGAGGCGAAC	184	144	TTCTCAACGAGGAGGCGAAC
PvP01_12_v1-1619812-1620048	1619812	1620048	1619832	1620028	CCCCCTGCCTGCATAACATT	TATGCAAGACCAGGGAGGGA	237	197	TATGCAAGACCAGGGAGGGA
PvP01_12_v1-1755432-1755614	1755432	1755614	1755452	1755594	GAAGAGGAAGATGCACACGC	CTACGTGCCTGTATTGCCCA	183	143	CTACGTGCCTGTATTGCCCA
PvP01_12_v1-1803415-1803627	1803415	1803627	1803435	1803607	TGGCAAGCAGAGCGATGTTA	GAAGCGATCATGAGGGGGTC	213	173	GAAGCGATCATGAGGGGGTC
PvP01_12_v1-1915685-1915835	1915685	1915835	1915707	1915809	AGGGAAAAGGAACAAAAAACAGAACT	ACGAATGGATAATGCCTTCCGA	151	103	ACGAATGGATAATGCCTTCCGA
PvP01_12_v1-2103551-2103744	2103551	2103744	2103576	2103723	AGGGTTCGCCATGTAGCTATT	GCTTTACAAAAATCCGCTACCAAAA	194	148	GCTTTACAAAAATCCGCTACCAAAA
PvP01_12_v1-2104181-2104294	2104181	2104294	2104201	2104272	CCACCCACATTTCTAGAATGCC	TTGTGAGACCCACTTCGTCC	114	72	TTGTGAGACCCACTTCGTCC
PvP01_12_v1-2249064-2249246	2249064	2249246	2249084	2249226	ACGGAGGAAGTCGACACCTA	TGCCCTGTTTTTAGCATGCG	183	143	TGCCCTGTTTTTAGCATGCG
PvP01_12_v1-2329916-2330087	2329916	2330087	2329939	2330067	GTTTATCCTTCTCCGCCCCC	AAAGAAAGTGAGGCGAATTCGTT	172	129	AAAGAAAGTGAGGCGAATTCGTT
PvP01_12_v1-2442368-2442495	2442368	2442495	2442388	2442475	GTACGTCAGCTTGTCCTCCA	GAAGTGGAAGCGGAAGTGGA	128	88	GAAGTGGAAGCGGAAGTGGA
PvP01_12_v1-2442855-2443072	2442855	2443072	2442875	2443046	TCCACTTGGTAATTTTTATGGTAGCA	GAAGAACGCAGGTGGGATCA	218	172	GAAGAACGCAGGTGGGATCA
PvP01_12_v1-2443986-2444084	2443986	2444084	2444006	2444059	AAGAGAAATTCCGTTTTTGAGTCCA	ACAAAGGATCGCCATAGCCA	99	54	ACAAAGGATCGCCATAGCCA
PvP01_12_v1-2444689-2444789	2444689	2444789	2444707	2444769	TTTTGGTTGCTGGGGCTGAA	AGCAGCTCCGCCAATCTG	101	63	AGCAGCTCCGCCAATCTG
PvP01_12_v1-2525230-2525426	2525230	2525426	2525250	2525405	CCCCCTCCTCATTGTGATTCA	CCGGAATGTAGGCTCCTTCA	197	156	CCGGAATGTAGGCTCCTTCA
PvP01_12_v1-2532924-2533083	2532924	2533083	2532944	2533063	CAGCACGTCTTTAACAGGCC	GTTCGGAGTGGTACAGTGGG	160	120	GTTCGGAGTGGTACAGTGGG
PvP01_12_v1-2543208-2543361	2543208	2543361	2543228	2543341	AGCACTCGTTCCCGTTTCTT	GAAAAGGAGAAAGGCCCCCA	154	114	GAAAAGGAGAAAGGCCCCCA
PvP01_12_v1-2744832-2744993	2744832	2744993	2744852	2744973	TCATGTTTGCGGCTGTGTTG	TTTTCGCCGTTTCGAGGAGA	162	122	TTTTCGCCGTTTCGAGGAGA
PvP01_12_v1-2944065-2944248	2944065	2944248	2944087	2944228	CCCTCTTCACGCACCATTTG	CTTGTGGAGGAACAAAATGCGA	184	142	CTTGTGGAGGAACAAAATGCGA
PvP01_13_v1-65807-65982	65807	65982	65827	65960	AGGTAGTACAGCTCGTCCATGA	ATGAAGCCCTTGCACATCCA	176	134	ATGAAGCCCTTGCACATCCA
PvP01_13_v1-81253-81432	81253	81432	81273	81411	ACAGATTATCTTCCGGCCGTT	ACATGGACACACCCGATTCG	180	139	ACATGGACACACCCGATTCG
PvP01_13_v1-156304-156494	156304	156494	156324	156474	AGCTTCCTGTCCCGGATAGT	ATCGAGTACGCCTTGTCCAC	191	151	ATCGAGTACGCCTTGTCCAC
PvP01_13_v1-378851-379099	378851	379099	378871	379079	GTTTTACGCACGCCACTGTT	TCCTCTGGGTGCCCTTGATA	249	209	TCCTCTGGGTGCCCTTGATA
PvP01_13_v1-396283-396487	396283	396487	396303	396467	TATGTGCCGGAGCGACTTTT	GAATTTCCTCGCGTCGGTTG	205	165	GAATTTCCTCGCGTCGGTTG
PvP01_13_v1-467435-467595	467435	467595	467455	467575	GGCAGTTTGTGTTGGTCACC	CTTGGGGCATACGGTCTTGT	161	121	CTTGGGGCATACGGTCTTGT
PvP01_13_v1-513895-514074	513895	514074	513915	514054	CGCAAGACCAAGTGTAGGGT	CATCACCTTGGACGTCGAGT	180	140	CATCACCTTGGACGTCGAGT
PvP01_13_v1-584221-584434	584221	584434	584241	584414	GGAAGGTTAACTGCCCCGTT	AAGAAGATTCAGGGCAGGGC	214	174	AAGAAGATTCAGGGCAGGGC
PvP01_13_v1-717412-717630	717412	717630	717432	717610	TCCTTAAGTACCTTGGCGCG	TGCCACTCACATACGCGTAA	219	179	TGCCACTCACATACGCGTAA
PvP01_13_v1-791537-791702	791537	791702	791557	791682	CTGTTCACCCCCCTTTGGAG	TGAACTCGGTTAGCGAAGGG	166	126	TGAACTCGGTTAGCGAAGGG
PvP01_13_v1-802161-802357	802161	802357	802184	802337	GCGAAACATGATGCTGCGAA	TGTACCTTATGCACACGTTCAGA	197	154	TGTACCTTATGCACACGTTCAGA
PvP01_13_v1-943950-944149	943950	944149	943970	944129	ATGGGAACGGAAGGCTGAAG	GCAGAACAAGTTGAAGCCCC	200	160	GCAGAACAAGTTGAAGCCCC
PvP01_13_v1-1062732-1062943	1062732	1062943	1062752	1062923	GTCCTCTCCCGGAAGTACCT	GGGAGGTACGTCGCTCATTG	212	172	GGGAGGTACGTCGCTCATTG
PvP01_13_v1-1197702-1197913	1197702	1197913	1197722	1197893	GGCAATGTGACCACAGCAAA	AACGTCGTAGCTACCCTCCT	212	172	AACGTCGTAGCTACCCTCCT
PvP01_13_v1-1247203-1247396	1247203	1247396	1247223	1247376	GCTTGCTGCTGTGGTTTACC	GCTACAGGAAAGGGACACCC	194	154	GCTACAGGAAAGGGACACCC
PvP01_13_v1-1409352-1409572	1409352	1409572	1409372	1409553	TTCCGTGGTTGCCTTGCTC	AGGCGAACATTCAGCCAAGA	221	182	AGGCGAACATTCAGCCAAGA
PvP01_13_v1-1526220-1526450	1526220	1526450	1526240	1526430	TTCCAACGTACCAGCGTGTC	GCATCGGTTGATTGCGTCTC	231	191	GCATCGGTTGATTGCGTCTC
PvP01_13_v1-1740852-1741098	1740852	1741098	1740874	1741078	AGCAGACAGACGCACCAAAT	ACATCGTCCTTGCTGATGAAGT	247	205	ACATCGTCCTTGCTGATGAAGT
PvP01_13_v1-1797113-1797259	1797113	1797259	1797133	1797239	TGTGTTCTGCTCATCGCTGT	GCAAAGTTCCTGGGGAGTGT	147	107	GCAAAGTTCCTGGGGAGTGT
PvP01_13_v1-1956871-1957028	1956871	1957028	1956891	1957008	GATGGCCCCGAATGAGCATA	TTTTAAGGCCAAGTGTGCGC	158	118	TTTTAAGGCCAAGTGTGCGC
PvP01_13_v1-1981330-1981508	1981330	1981508	1981350	1981488	TGGAAGATTTGCCCCATCGG	CCAACGGGGGTAGCAAATCT	179	139	CCAACGGGGGTAGCAAATCT
PvP01_14_v1-116216-116421	116216	116421	116240	116399	GGTGGCCAATTCTTCTATCAGC	AGACATTACTGCAAACTTTTGGCA	206	160	AGACATTACTGCAAACTTTTGGCA
PvP01_14_v1-120006-120177	120006	120177	120026	120157	TCTGGTCGCTTCCTGAACAT	AGCGAATGACTCCTCAGCAA	172	132	AGCGAATGACTCCTCAGCAA
PvP01_14_v1-142016-142246	142016	142246	142036	142226	GAAATTGCAGCGCAGGGAAC	TCTGGCTGCCACAGAATCAA	231	191	TCTGGCTGCCACAGAATCAA
PvP01_14_v1-250153-250351	250153	250351	250173	250331	GCAGTGACGCAATGGTGAAG	CCCTGCTCGCCATCTTCTAA	199	159	CCCTGCTCGCCATCTTCTAA
PvP01_14_v1-304162-304395	304162	304395	304185	304375	GCCACCAAAAAGAAGGGCAA	GAAGGCTTCTTCCAACTCTTTGT	234	191	GAAGGCTTCTTCCAACTCTTTGT
PvP01_14_v1-332405-332581	332405	332581	332425	332555	CCCTTGTTTTCTACTTTGTTTTCCCT	CAATCGGCTTGGAACACCCA	177	131	CAATCGGCTTGGAACACCCA
PvP01_14_v1-577158-577379	577158	577379	577181	577359	CGGGAGAATTAGGCCACTGT	TGTTTCCCATTTCTTGCTCCAAA	222	179	TGTTTCCCATTTCTTGCTCCAAA
PvP01_14_v1-577651-577839	577651	577839	577671	577819	TGTGCAGCTCTGTGTGCTAA	CGGCGACCCCCCATTTATTA	189	149	CGGCGACCCCCCATTTATTA
PvP01_14_v1-675555-675727	675555	675727	675576	675704	AATGTCCCAAACTTTCAAGCTGT	TCCTCAATTGGAAACAGGGGT	173	129	TCCTCAATTGGAAACAGGGGT
PvP01_14_v1-703050-703199	703050	703199	703070	703178	GCAAGAGGGAAATCACAGAGC	TGGCCCTCTCACACATTCTG	150	109	TGGCCCTCTCACACATTCTG
PvP01_14_v1-823460-823601	823460	823601	823481	823581	CTGGTGGTCGTATTTGGGCT	TGGAGGTGGCATTTTCAGTGA	142	101	TGGAGGTGGCATTTTCAGTGA
PvP01_14_v1-943179-943359	943179	943359	943199	943339	GTTCGCAGTTTTTCCTGGGG	CAGCTGCACCATAACCAGGA	181	141	CAGCTGCACCATAACCAGGA
PvP01_14_v1-1027231-1027337	1027231	1027337	1027251	1027317	GGCCTCTTCCTCCACCTCTA	TCGGTCGGACTCACTTTTCG	107	67	TCGGTCGGACTCACTTTTCG
PvP01_14_v1-1177004-1177237	1177004	1177237	1177024	1177211	AATGTCAATACATATGTTTCCGTCCA	ACGCCAGTGTTAAGAGCTCC	234	188	ACGCCAGTGTTAAGAGCTCC
PvP01_14_v1-1270091-1270214	1270091	1270214	1270111	1270194	GAATGGGGAGGCCAAACTGA	TTGTGATGGGTCTCCGTTGG	124	84	TTGTGATGGGTCTCCGTTGG
PvP01_14_v1-1270867-1270964	1270867	1270964	1270887	1270944	CGAAATGGCAAGTGATGGGG	CCAAATCCCGTTCAGTGACG	98	58	CCAAATCCCGTTCAGTGACG
PvP01_14_v1-1272146-1272244	1272146	1272244	1272166	1272221	ACGAATGACAAAAAGAACTGCGT	CCCCCTAAAGTGTCCCCTCC	99	56	CCCCCTAAAGTGTCCCCTCC
PvP01_14_v1-1342637-1342830	1342637	1342830	1342657	1342809	CGTCATCAAAGTAGGCTTCCG	CGGGTCCGATTCCCTTTCAT	194	153	CGGGTCCGATTCCCTTTCAT
PvP01_14_v1-1432485-1432698	1432485	1432698	1432507	1432678	AGTATCCCGGCGTGAAACTG	TCCCTCATGTGTACATCCCTCA	214	172	TCCCTCATGTGTACATCCCTCA
PvP01_14_v1-1466380-1466516	1466380	1466516	1466400	1466496	CTGCAATTGTGGGCCCAATC	GCGGACGAAGCAATAAAGGG	137	97	GCGGACGAAGCAATAAAGGG
PvP01_14_v1-1600037-1600217	1600037	1600217	1600057	1600197	TTTGGTACTCGCGTTGGGTT	CAGCGAGACGAGGCTAAGAG	181	141	CAGCGAGACGAGGCTAAGAG
PvP01_14_v1-1640990-1641162	1640990	1641162	1641012	1641142	CTATGTCATTTGCGGTGCCG	CGAGCTGTTCAACATTAGGACC	173	131	CGAGCTGTTCAACATTAGGACC
PvP01_14_v1-1887592-1887739	1887592	1887739	1887614	1887719	TGTGTGTGGTGCAATGCATG	TGCTAATGCCATCGATCAGTCT	148	106	TGCTAATGCCATCGATCAGTCT
PvP01_14_v1-1923296-1923446	1923296	1923446	1923315	1923426	GGTGTACTGCAAGAGGGACC	GTAGTTGCCCCCCTTCGTC	151	112	GTAGTTGCCCCCCTTCGTC
PvP01_14_v1-1969821-1969971	1969821	1969971	1969841	1969951	TGGACGAGGGGAGGTTACTC	GGGCACAATGGAGAGGAACA	151	111	GGGCACAATGGAGAGGAACA
PvP01_14_v1-2057556-2057713	2057556	2057713	2057576	2057690	CCCTCTTCCTCATATTTGTGGCA	TGCGTCGAAGAACACATCCA	158	115	TGCGTCGAAGAACACATCCA
PvP01_14_v1-2057823-2057967	2057823	2057967	2057843	2057947	GGAAGATGCCGCGATAGAGT	GTTTGACGTTCCTTGCACGG	145	105	GTTTGACGTTCCTTGCACGG
PvP01_14_v1-2206616-2206850	2206616	2206850	2206636	2206830	GGAGAAAGAGACTGGGCTCC	ACTACGTAATTGCACCGCCA	235	195	ACTACGTAATTGCACCGCCA
PvP01_14_v1-2422629-2422793	2422629	2422793	2422649	2422773	AGCGTTTTGTCCGATGAGGT	CAATTTGATGTGCAGCGGCT	165	125	CAATTTGATGTGCAGCGGCT
PvP01_14_v1-2495083-2495265	2495083	2495265	2495103	2495245	TTCTGCTGACCGTTCTGCTG	GCAAGGAGGAGCAACTCGAA	183	143	GCAAGGAGGAGCAACTCGAA
PvP01_14_v1-2731314-2731523	2731314	2731523	2731334	2731503	TCCTTTCGTTGCTGACCTCC	AATCCTACCTGCTGAGCTGC	210	170	AATCCTACCTGCTGAGCTGC
PvP01_14_v1-2759652-2759880	2759652	2759880	2759672	2759860	GCGCACGATCTCAAGTTGTG	TTACCGTCAACATGGGCAGT	229	189	TTACCGTCAACATGGGCAGT
PvP01_14_v1-2808140-2808345	2808140	2808345	2808160	2808325	CCCTTTGTTGTCTCCCAGCT	AAGCGACATCCATCGGAAGG	206	166	AAGCGACATCCATCGGAAGG
PvP01_14_v1-2894699-2894867	2894699	2894867	2894719	2894847	TCGTGCTTTCCCTCTTCACC	GCCAAGGTGAAGTTGAAGCG	169	129	GCCAAGGTGAAGTTGAAGCG
PvP01_14_v1-2917001-2917181	2917001	2917181	2917024	2917161	CCTCCTTAAACCCCAGCTCC	TGTGGAGGAATAGACGTAAAGCA	181	138	TGTGGAGGAATAGACGTAAAGCA
PvP01_MIT_v1-127-318	127	318	149	298	TTAGCCAGGAAGTCAGCGTC	GCCGTTAGCAAGACATGATAGG	192	150	GCCGTTAGCAAGACATGATAGG
