amplicon	amplicon_start	amplicon_end	ampInsert_start	ampInsert_end	rev_primer	fwd_primer	amplicon_length	chrom	ampInsert_length
Pf_M76611-000106-000297	89	315	107	297	CTTGAGGCAGTTTGTTCC	ACCATCCAATTTGATTGG	226	Pf_M76611	190
Pf_M76611-001657-001869	1638	1893	1658	1869	CCTTTAATGTAGTTTCCTCACAGC	TAGCGTGTATTGTTGCCTTG	255	Pf_M76611	211
Pf3D7_01_v3-145408-145569	145387	145591	145409	145569	AGTTTGTTGATGAAAGAAAGGA	TCCTGAGTTTTAAGTGAATGAA	204	Pf3D7_01_v3	160
Pf3D7_01_v3-179293-179450	179275	179472	179294	179450	GCTTGTGTTATTAATCCTGTAA	CACATATCCAGCCCTCAAA	197	Pf3D7_01_v3	156
Pf3D7_01_v3-180462-180662	180440	180684	180463	180662	TTCAAAACGACGTTATTACAAT	ACACCCAGAAATATAAATGGAAC	244	Pf3D7_01_v3	199
Pf3D7_01_v3-283049-283193	283028	283215	283050	283193	ATCATCATTTTCCTCATCATCG	ATGGATTAAACGCTGATATGTC	187	Pf3D7_01_v3	143
Pf3D7_01_v3-535202-535389	535181	535411	535203	535389	CACTCATCAATTAATTGTTCAT	AAATAATAAGAACAACGATGCT	230	Pf3D7_01_v3	186
Pf3D7_02_v3-376196-376364	376175	376386	376197	376364	AGGTATAACTTCACGAAATTTT	GATGTGATTTCTCTACGAACAA	211	Pf3D7_02_v3	167
Pf3D7_02_v3-469987-470189	469966	470211	469988	470189	TTGCCATGATAAACCTTTTCAT	AATATGTTGTTTGTGTGGTCAT	245	Pf3D7_02_v3	201
Pf3D7_02_v3-529622-529768	529601	529790	529623	529768	ACCAGCTATTTCTTGATATGTG	AAAAGACAAGAGTACAAAAGGA	189	Pf3D7_02_v3	145
Pf3D7_02_v3-714271-714517	714250	714539	714272	714517	TTCATCCAAGGTTTTGTCTTAC	TGAGGTGATCACTATGTTTATT	289	Pf3D7_02_v3	245
Pf3D7_02_v3-839465-839638	839444	839660	839466	839638	AAATCGTGTGCATCCATTATTT	AGAATGATTTGAAAATTGCACT	216	Pf3D7_02_v3	172
Pf3D7_03_v3-155615-155792	155594	155814	155616	155792	TTTATCAACTGAAGGTACAACG	ACGTCTCATTACCAAATTCAAA	220	Pf3D7_03_v3	176
Pf3D7_03_v3-548039-548196	548018	548221	548040	548196	TGTTCATTATGATTAATTATATGCT	TGGGTAAGTTACATTCTTCTCA	203	Pf3D7_03_v3	156
Pf3D7_03_v3-656735-656925	656714	656947	656736	656925	AGTATGAAGGGTGATGATACTT	ATTATTATCATCACAATGGTTG	233	Pf3D7_03_v3	189
Pf3D7_04_v3-110426-110574	110405	110596	110427	110574	AGGAAAGACAGCAACAATAAAA	ATTGGAAAATTCATGTAGTGCA	191	Pf3D7_04_v3	147
Pf3D7_04_v3-138907-139054	138886	139078	138908	139054	TGCATATTCTTTTAAATCGTTTCT	AAATTCTAGTAGTAAATACACA	192	Pf3D7_04_v3	146
Pf3D7_04_v3-286482-286632	286461	286654	286483	286632	TGAAAAGGAAACAAATAAGGAT	TATATAATGCGTCTCTGTCCAT	193	Pf3D7_04_v3	149
Pf3D7_04_v3-426275-426445	426254	426467	426276	426445	CTTCCATGACAAGGAAGAATTA	GGGAGTTGGCTGTAATAATTTT	213	Pf3D7_04_v3	169
Pf3D7_04_v3-529335-529532	529314	529554	529336	529532	TAAGAATTCCTTAGGACACGTA	AATAGGAGACAGAATTTGATTC	240	Pf3D7_04_v3	196
Pf3D7_04_v3-531029-531224	531008	531246	531030	531224	ACAAAAGCAGCAATACACATAT	TCTCATCCATATGTATCCACTC	238	Pf3D7_04_v3	194
Pf3D7_04_v3-648097-648256	648076	648279	648098	648256	TGATACAAATTCATATAAATACA	AATTTCACATTATACCTTCCAA	203	Pf3D7_04_v3	158
Pf3D7_04_v3-748131-748331	748109	748353	748132	748331	ACATTATCCACAGTTTCTTTGT	GTTTTCGATATTTATGCCATATG	244	Pf3D7_04_v3	199
Pf3D7_04_v3-748409-748582	748388	748604	748410	748582	ATTCTTGATAAACAACGGAACC	GTTGTAGTTATGGGAAGAACAA	216	Pf3D7_04_v3	172
Pf3D7_04_v3-748952-749100	748930	749122	748953	749100	TCGATCACTTTGTTTATTTCCA	TGATGATGATGAAGAAGAAGATG	192	Pf3D7_04_v3	147
Pf3D7_04_v3-881436-881591	881414	881613	881437	881591	AATATTATATGCAACACCCACC	ACAAGGTACATTATTATGGAAAC	199	Pf3D7_04_v3	154
Pf3D7_04_v3-891618-891771	891597	891793	891619	891771	GAGCAAATTCTTGAGCATTAAC	CATTCCTCCTAGTTTAAACCAA	196	Pf3D7_04_v3	152
Pf3D7_04_v3-1037529-1037710	1037508	1037732	1037530	1037710	ATGGTAAATAAAGTGAGTGTGC	TAAATGCTGAAGATGAACCAAG	224	Pf3D7_04_v3	180
Pf3D7_04_v3-1102387-1102531	1102365	1102554	1102388	1102531	ATCATCAAAATATACATCCCCAC	TAGAGGTGTTGATGTTAATATGG	189	Pf3D7_04_v3	143
Pf3D7_05_v3-172717-172920	172696	172943	172718	172920	GGTTCCAATACTAATATGGATGG	ATTATTGGACGTTCAGAAACTG	247	Pf3D7_05_v3	202
Pf3D7_05_v3-350824-351021	350810	351041	350825	351021	ATATATAATTCAACAACAGC	AGCATCATTTTGCTC	231	Pf3D7_05_v3	196
Pf3D7_05_v3-369708-369862	369686	369885	369709	369862	TTGTCATTATTATTTGATCTTTT	GCCTCCTATAATCATAGTGAATG	199	Pf3D7_05_v3	153
Pf3D7_05_v3-796674-796838	796653	796860	796675	796838	TATGGTGTTTTACGTTTTAGGG	AGTTAATGAAAAGAACCCAAAA	207	Pf3D7_05_v3	163
Pf3D7_05_v3-958093-958297	958072	958319	958094	958297	CATGAAATTGTCCATCTTGATA	TGTATGTGCTGTATTATCAGGA	247	Pf3D7_05_v3	203
Pf3D7_05_v3-958430-958601	958409	958623	958431	958601	GCAACAGTTCTTATTCCCATTA	TTTACATATGCCAGTTCCTTTT	214	Pf3D7_05_v3	170
Pf3D7_05_v3-960819-961013	960798	961035	960820	961013	CCAAACCAATAGGCAAAACTAT	TTGCATTTAGTTCAGATGATGA	237	Pf3D7_05_v3	193
Pf3D7_05_v3-961565-961722	961544	961744	961566	961722	ACTAACACGTTTAACATCTTCC	TCTGCAGAAGATTATACTGTAT	200	Pf3D7_05_v3	156
Pf3D7_05_v3-1204151-1204333	1204128	1204355	1204152	1204333	GTCATATTCGAAGGATCAAACT	AGATGAGTGGAATAAAATTTCAGA	227	Pf3D7_05_v3	181
Pf3D7_06_v3-574862-575032	574841	575054	574863	575032	ACATTTATACATGCCCAACAAT	TGACGATGATGAAAACATGAAT	213	Pf3D7_06_v3	169
Pf3D7_06_v3-900113-900292	900091	900314	900114	900292	TGTCCATTGGATTTAATTCCTC	TGTTCATCCTTTATTTCAACAGA	223	Pf3D7_06_v3	178
Pf3D7_06_v3-1282670-1282843	1282649	1282867	1282671	1282843	TGCTTCATTTGTAAATAAAATGCT	CAAATGTACAAGTGAGGAGTTA	218	Pf3D7_06_v3	172
Pf3D7_06_v3-1289165-1289317	1289144	1289339	1289166	1289317	TTTCCAAATTTCCCTTTACTGT	GGGGAACTATTTAGATTACAAA	195	Pf3D7_06_v3	151
Pf3D7_07_v3-403503-403665	403483	403687	403504	403665	GAGTTTCGGATGTTACAAAACT	TTAACAGATGGCTCACGTTTA	204	Pf3D7_07_v3	161
Pf3D7_07_v3-403651-403796	403629	403818	403652	403796	TTGGTAGGTGGAATAGATTCTC	TTTTGCTAAAAGAACTTTAAACA	189	Pf3D7_07_v3	144
Pf3D7_07_v3-404373-404578	404352	404600	404374	404578	ATTTCCCTTGTCATGTTTGAAA	ATCTTTTGAAACACAAGAAGAA	248	Pf3D7_07_v3	204
Pf3D7_07_v3-404799-405004	404778	405026	404800	405004	TATTTTACCTCTACGACTGTGT	TTTCCAATTGTTCACTTCTTGT	248	Pf3D7_07_v3	204
Pf3D7_07_v3-405210-405410	405189	405432	405211	405410	CCTCTTGTATGTATCAACGTTT	GAGCATGGGTAAGAAGCTTATA	243	Pf3D7_07_v3	199
Pf3D7_07_v3-405595-405741	405574	405763	405596	405741	ACGTTGTACCATCATAAACATT	TGTTAGTTGTATACAAGGTCCA	189	Pf3D7_07_v3	145
Pf3D7_07_v3-405774-405943	405753	405965	405775	405943	ACGAACAAGCCATTTGATATTA	TGGTACAACGTATCATATTTTA	212	Pf3D7_07_v3	168
Pf3D7_07_v3-461003-461194	460980	461219	461004	461194	CTGAGATTATTTAATTCTTCTTTAC	GTATATATCACAACAATATTTAGA	239	Pf3D7_07_v3	190
Pf3D7_07_v3-619952-620109	619931	620131	619953	620109	TGTGTTATATGGAAGAAAAGAT	CCTATGCTAAAACTGAACGAAA	200	Pf3D7_07_v3	156
Pf3D7_07_v3-635807-635993	635786	636015	635808	635993	AAAAGGGATGGAGATTACAATG	TTACTGCGCCTATCATTATTAT	229	Pf3D7_07_v3	185
Pf3D7_07_v3-704345-704492	704324	704514	704346	704492	ATCCCTATCTCTTTCTCTTTCC	GAAGGATTAAGGAGAAACACAG	190	Pf3D7_07_v3	146
Pf3D7_07_v3-1044008-1044163	1043987	1044185	1044009	1044163	ATGACAACCAAAATGAAGGAAT	GGAACACGCTTATCATTTATCT	198	Pf3D7_07_v3	154
Pf3D7_07_v3-1066638-1066798	1066617	1066821	1066639	1066798	TGTGTTCACAAATATCTTCATGT	TCATTATGTTTAAAGGAAAGGA	204	Pf3D7_07_v3	159
Pf3D7_07_v3-1213395-1213541	1213374	1213563	1213396	1213541	AACAAACACATACATAAAACCC	ATTTCTCCTAACTTACGTCAGT	189	Pf3D7_07_v3	145
Pf3D7_07_v3-1256330-1256483	1256304	1256505	1256331	1256483	TTTCACTTTCTTGAACTACACC	GGTAATATAAATATGTATGATGGAAGG	201	Pf3D7_07_v3	152
Pf3D7_07_v3-1308343-1308489	1308322	1308511	1308344	1308489	TTGATTATGATGATGATGACGA	CCATTACCTTTACCTTTTCCTC	189	Pf3D7_07_v3	145
Pf3D7_07_v3-1358833-1359032	1358813	1359052	1358834	1359032	AGCAAAAATTCTCCATGCCA	TGGAGGTTATTCAACTAAGGC	239	Pf3D7_07_v3	198
Pf3D7_07_v3-1359192-1359382	1359171	1359404	1359193	1359382	TTCACGCTTTTCCTTAATTGTA	AGTAAATTTGAATGGCATACGT	233	Pf3D7_07_v3	189
Pf3D7_08_v3-149876-150076	149855	150098	149877	150076	GGTATAACACGTTCCAATACTT	ATCAACAAGACGTTTCTGATTT	243	Pf3D7_08_v3	199
Pf3D7_08_v3-339386-339564	339365	339586	339387	339564	TATAGATGGAAAGCAACCTACA	TATTTCAAATATCCAACCGCTT	221	Pf3D7_08_v3	177
Pf3D7_08_v3-399773-399924	399752	399946	399774	399924	TTGCTCTTGTGAATGAAAGTTA	TTTCATCATTGTGTTGAATGTC	194	Pf3D7_08_v3	150
Pf3D7_08_v3-413011-413214	412991	413240	413012	413214	TCATAAGTTTCTTCTAAATAGATAGT	AATGTGTACGAGAAACATCAC	249	Pf3D7_08_v3	202
Pf3D7_08_v3-417211-417365	417190	417387	417212	417365	ACAGTAGAGCAAACAAAAGAAA	AGGATCATATCTTCGGACTTTT	197	Pf3D7_08_v3	153
Pf3D7_08_v3-549616-549791	549596	549813	549617	549791	TTATAATTGGTTTCGCATCACA	TTTTGTTGAACCTAAACGTGC	217	Pf3D7_08_v3	174
Pf3D7_08_v3-549908-550069	549888	550090	549909	550069	ATCCTATAACGAGGTATTCCA	AGTGCTTGTACAAATAATCCA	202	Pf3D7_08_v3	160
Pf3D7_08_v3-550089-550261	550068	550283	550090	550261	TTCATTTTGTTGTTCATCATGT	AATGGAATACCTCGTTATAGGA	215	Pf3D7_08_v3	171
Pf3D7_08_v3-1056690-1056878	1056669	1056900	1056691	1056878	ATCATCATTGTCTAAAGCTTCG	TGACAATATGGCTAGTAACAGT	231	Pf3D7_08_v3	187
Pf3D7_08_v3-1313129-1313296	1313108	1313318	1313130	1313296	TATCTTGCAATCCATCTTTTCC	GGAATAAATGGATTGAGAGACA	210	Pf3D7_08_v3	166
Pf3D7_08_v3-1314825-1315004	1314801	1315026	1314826	1315004	TTCCCTTATATTCCATTCTTTT	AGAAGATTTTAAAGAAGAAGAATGT	225	Pf3D7_08_v3	178
Pf3D7_09_v3-163892-164083	163871	164105	163893	164083	GTAACTAATGGTTTTGCAACAC	TTCATTCATCAAGTGATCCAAA	234	Pf3D7_09_v3	190
Pf3D7_09_v3-452558-452715	452537	452737	452559	452715	TATATTTCGACCTGCTTCAATG	CCAGGAACCATACTTTTGTTTA	200	Pf3D7_09_v3	156
Pf3D7_09_v3-599591-599758	599570	599780	599592	599758	TGTAGATTGTTCATATCTTCAT	ATCATGACAAAGAAACATGTGG	210	Pf3D7_09_v3	166
Pf3D7_09_v3-900154-900309	900133	900331	900155	900309	TGTCCATGTTTAAATGCTTTTG	TGATTTGGAAATAACTGATGAA	198	Pf3D7_09_v3	154
Pf3D7_09_v3-1379081-1379285	1379059	1379307	1379082	1379285	TCAGGATGTGTTATGGTATCAA	TCCATTTCAATCTTTTCGTTTAT	248	Pf3D7_09_v3	203
Pf3D7_10_v3-317468-317623	317447	317645	317469	317623	CAGCTTCTATACCTAATGCTTG	TTATCTTGTCTCATGTCATGTG	198	Pf3D7_10_v3	154
Pf3D7_10_v3-336144-336323	336123	336345	336145	336323	ACCTGGAGATTCATGTAATTCA	TTGCTATAGTCATGATCATCGT	222	Pf3D7_10_v3	178
Pf3D7_10_v3-361555-361704	361535	361724	361556	361704	CTCATTCATTAGGTGGTGGT	ACTTCATCAGCATTTTCAACC	189	Pf3D7_10_v3	148
Pf3D7_10_v3-1383749-1383946	1383728	1383968	1383750	1383946	ATGAACCCAACTTTCTTTACAT	TTTAGGTTGGTTAGAATGGAGT	240	Pf3D7_10_v3	196
Pf3D7_10_v3-1385879-1386064	1385858	1386086	1385880	1386064	TGAGTGATAAACCTGCTTATCT	CATTCCACATGTACGTAAAGAA	228	Pf3D7_10_v3	184
Pf3D7_10_v3-1386731-1386876	1386709	1386898	1386732	1386876	TGAGGACAAGGAAAATAATACA	GGTTAAATATATTGAAGACGTGG	189	Pf3D7_10_v3	144
Pf3D7_11_v3-408549-408755	408526	408775	408550	408755	GACGGACATTCTTTCAATGC	CACAGGATGATGAATATAATAACT	249	Pf3D7_11_v3	205
Pf3D7_11_v3-477777-477924	477756	477946	477778	477924	TATATTGACTTTCATCATTTGA	AACAACCTTAGCATTGATTGAT	190	Pf3D7_11_v3	146
Pf3D7_11_v3-828559-828757	828538	828780	828560	828757	TGCATACATTAATAAAAGTGACA	TGTCCTTTTATATCTGTTTGCT	242	Pf3D7_11_v3	197
Pf3D7_11_v3-1006892-1007089	1006871	1007111	1006893	1007089	CGTTTTGGTCATTCATGTCTTA	TTAATTTTGCAAAATAGCGTGG	240	Pf3D7_11_v3	196
Pf3D7_11_v3-1018724-1018928	1018703	1018952	1018725	1018928	TGTGGTATAAGTAACATAAGTAGT	CAAAAGGTTCACAGAATATTTT	249	Pf3D7_11_v3	203
Pf3D7_11_v3-1020311-1020495	1020290	1020517	1020312	1020495	ACAGAAACATTAAACACAACCA	TTATAATGCATGTGTCACCTTC	227	Pf3D7_11_v3	183
Pf3D7_11_v3-1294102-1294265	1294084	1294287	1294103	1294265	AAGTCTATATTGAGTTCCAGCT	TATCCAATAGACCACGAAG	203	Pf3D7_11_v3	162
Pf3D7_11_v3-1295065-1295243	1295046	1295266	1295066	1295243	TCCCTTCATCATCATTATCATTT	TAATTGGGGAAATTATAACA	220	Pf3D7_11_v3	177
Pf3D7_11_v3-1802122-1802309	1802101	1802331	1802123	1802309	AAGGAGATAGTTTACCTGGTTT	GTGTATTTTCCTTTTCCCTGAT	230	Pf3D7_11_v3	186
Pf3D7_11_v3-1815273-1815474	1815250	1815497	1815274	1815474	AACATATGCTGCAGATTTTGTTA	ATGAGTTGTTATATTCATGTGCT	246	Pf3D7_11_v3	200
Pf3D7_11_v3-1934929-1935081	1934907	1935103	1934930	1935081	ACGTCAATACAAGAATTAACCA	GGATGTTCTTTTATGAAATCACA	196	Pf3D7_11_v3	151
Pf3D7_11_v3-1935128-1935300	1935107	1935322	1935129	1935300	AGGAATTCAAGAACTTTAGCAT	TGGATCTAAGGATGTAATTTGT	215	Pf3D7_11_v3	171
Pf3D7_12_v3-857114-857282	857093	857304	857115	857282	ACGACATACTGCTATTTATGTT	TAAGATGTCCTATCAAGACGTT	211	Pf3D7_12_v3	167
Pf3D7_12_v3-858358-858509	858337	858531	858359	858509	AGACCCCTGTTTTAGTAAGAAT	AAATAGAAAATTTGCCACATGC	194	Pf3D7_12_v3	150
Pf3D7_12_v3-974595-974755	974576	974777	974596	974755	TAGAATCCTTAAGAGACTGTTT	GAGAAGGAAGACCTTGTTGT	201	Pf3D7_12_v3	159
Pf3D7_12_v3-1663442-1663606	1663421	1663628	1663443	1663606	ATATTTTCGAATCAGCGCTATT	CGTATGCACCGATTTTCTATAT	207	Pf3D7_12_v3	163
Pf3D7_12_v3-1667545-1667711	1667524	1667733	1667546	1667711	TTCTTTTCTAATTCCTTTTCCA	CGCTGCTGAATATACATATCTG	209	Pf3D7_12_v3	165
Pf3D7_12_v3-1934712-1934877	1934691	1934899	1934713	1934877	TGACAAATCATGAAAATCAAGA	ACCTGGAATATTATCACCTTCT	208	Pf3D7_12_v3	164
Pf3D7_12_v3-2171827-2171991	2171806	2172013	2171828	2171991	CTGATTCCACAAAAGAAGAAGA	TGAAGATTCTAAGGAACAAAAT	207	Pf3D7_12_v3	163
Pf3D7_13_v3-158940-159087	158918	159109	158941	159087	CTACTTGGTAGGTATACGTCAT	TCTAACAACACACTTTTATTCCT	191	Pf3D7_13_v3	146
Pf3D7_13_v3-388222-388373	388201	388395	388223	388373	ATCCAACTCAAAACAGCTTATT	TGTCTTTGTCTCTTTTCCTTTC	194	Pf3D7_13_v3	150
Pf3D7_13_v3-748394-748555	748373	748577	748395	748555	CATATAGTTGTAGGGGAGGTAG	TGATTGAGGACAAATTACATGT	204	Pf3D7_13_v3	160
Pf3D7_13_v3-1056438-1056615	1056417	1056637	1056439	1056615	TCGTCATTAATGTGTTTATTCA	TTTTCATCGCAGGAAAATACTT	220	Pf3D7_13_v3	176
Pf3D7_13_v3-1233046-1233226	1233025	1233248	1233047	1233226	ACCAACTTTGTAAAGCTGTAAA	GGGTTCTACATTTTCCAGATTT	223	Pf3D7_13_v3	179
Pf3D7_13_v3-1419337-1419541	1419318	1419558	1419338	1419541	AAGTACAAAAACCAGCA	TCTTCTTGACCAAACATAAT	240	Pf3D7_13_v3	203
Pf3D7_13_v3-1466218-1466427	1466198	1466447	1466219	1466427	GTATACGTCGTCATAATTGG	CTTACTTGTAACAGTGCATCA	249	Pf3D7_13_v3	208
Pf3D7_13_v3-1724933-1725134	1724912	1725156	1724934	1725134	TCCATATGCCTTATTAGAAGCT	ATGAATTTAGAACTTCGCCATT	244	Pf3D7_13_v3	200
Pf3D7_13_v3-1725092-1725298	1725070	1725319	1725093	1725298	ATCGTATGAAAGCATGGGTAG	TCATTATCAATACCTCCAACAAC	249	Pf3D7_13_v3	205
Pf3D7_13_v3-1725280-1725453	1725261	1725475	1725281	1725453	CTGAGGTGTATGATCGTTTAAG	CATAGCTGATGATCTAGGGG	214	Pf3D7_13_v3	172
Pf3D7_13_v3-1725449-1725635	1725428	1725657	1725450	1725635	TATAGGTGGATTTGATGGTGTA	AATTACTTGAAACATACCATAC	229	Pf3D7_13_v3	185
Pf3D7_13_v3-1725587-1725792	1725566	1725814	1725588	1725792	TCTTAGATAGGGATAGTGAGTT	TAGACATAGGTGTACACATACG	248	Pf3D7_13_v3	204
Pf3D7_13_v3-1725767-1725958	1725746	1725980	1725768	1725958	AAAATTGTTGATGCAAATATTG	TGGGTATAGTTAACGGATTTCT	234	Pf3D7_13_v3	190
Pf3D7_13_v3-1867455-1867640	1867434	1867662	1867456	1867640	AAAGGAGATGTATCATTTGCAC	CTCCGATTGGTAGTTATACAGA	228	Pf3D7_13_v3	184
Pf3D7_13_v3-2161827-2162002	2161805	2162024	2161828	2162002	TATATGAACGAACTGGACAAGA	TCCAATTCCATGTATATTCATCA	219	Pf3D7_13_v3	174
Pf3D7_13_v3-2377762-2377919	2377741	2377941	2377763	2377919	GGAACGGCAAGGATATTTTAAT	ATTAAAGAAGAATGTGGAGCTG	200	Pf3D7_13_v3	156
Pf3D7_13_v3-2504502-2504701	2504481	2504723	2504503	2504701	ATCCCATTCGATATCTATACCT	AATTTACCTGAAGACGTTAAAA	242	Pf3D7_13_v3	198
Pf3D7_13_v3-2573727-2573908	2573706	2573930	2573728	2573908	TATGACACCAATCGTTAATCAC	CCTTCATAACATATAGCAGCAT	224	Pf3D7_13_v3	180
Pf3D7_14_v3-106881-107075	106860	107097	106882	107075	AAAGGTATACATGGTATATCAT	CCTATTCCATACAACATCAACA	237	Pf3D7_14_v3	193
Pf3D7_14_v3-137455-137655	137432	137677	137456	137655	ACGAAATTTATGAAGATGAGCA	ACCATTCATATTTTCTAGGTTTGT	245	Pf3D7_14_v3	199
Pf3D7_14_v3-283915-284130	283895	284154	283916	284130	CATTCATATCTCTAAAGAATTTAT	CGACAATGCTTTATTTACATT	259	Pf3D7_14_v3	214
Pf3D7_14_v3-289132-289347	289112	289371	289133	289347	CATCTAAACCTTCAAAGAATTTGT	CGAACAAGCCGTTTTTACCTT	259	Pf3D7_14_v3	214
Pf3D7_14_v3-294309-294524	294289	294548	294310	294524	CATCTAAATTCTGCAACATTTTAT	TGAAAATGCTCTTTTCACCTT	259	Pf3D7_14_v3	214
Pf3D7_14_v3-298303-298518	298283	298542	298304	298518	CACTTGCAGATTCTACGAATTGAT	TGAACAAGCCGTTTATTCCAT	259	Pf3D7_14_v3	214
Pf3D7_14_v3-298756-289816	298737	289836	298757	289816	TAGCTTTAGCATCATTCACG	CTAGGTGACCCATTTATGAG	var	Pf3D7_14_v3	-8941
Pf3D7_14_v3-438469-438639	438448	438661	438470	438639	ATGTGGTCAAGTGATGTATCAT	GAGAAAATGAATCTATGCCTCA	213	Pf3D7_14_v3	169
Pf3D7_14_v3-1757536-1757738	1757515	1757762	1757537	1757738	TCTTCAATATGTAAATCATTCACA	GTAAATGACGAAGAACTAGCTA	247	Pf3D7_14_v3	201
Pf3D7_14_v3-1956088-1956275	1956067	1956297	1956089	1956275	GAATAGTTGATAGAGGTACCGA	TATCCATCTCATTTGCTTTTGT	230	Pf3D7_14_v3	186
Pf3D7_14_v3-2164075-2164265	2164054	2164287	2164076	2164265	TCATCTGTAGAATCGGTAAGAA	GCTACAAGGAGAAATGACAAAT	233	Pf3D7_14_v3	189
Pf3D7_14_v3-2355685-2355848	2355664	2355870	2355686	2355848	AAATGTTTCGTTATATATGACA	TTATCCAAACCCATTTAACGAG	206	Pf3D7_14_v3	162
Pf3D7_14_v3-2480926-2481095	2480905	2481117	2480927	2481095	GCAAGAGTACTGTTTTATTTCG	CCCCAAAAGACAATAAGAAAGA	212	Pf3D7_14_v3	168
Pf3D7_14_v3-2625815-2625990	2625794	2626012	2625816	2625990	AAAGCTTGGTTAGAAGATTTCT	TCTTATTCGATCTGTACCTTCA	218	Pf3D7_14_v3	174
Pf3D7_14_v3-2733586-2733782	2733565	2733804	2733587	2733782	TAAAAGATTCAGCATCGCTATC	TCAAAACCGTTTCATCTACAAT	239	Pf3D7_14_v3	195
Pf3D7_14_v3-3045956-3046122	3045935	3046142	3045957	3046122	TTTTCTCATTGGGACGGATT	CAGGAAATGAGATAATTGACGT	207	Pf3D7_14_v3	165
Pf3D7_14_v3-3126045-3126234	3126026	3126257	3126046	3126234	CATCTCTAGGTAATAACGTACCA	AACAAGAGAATCAGGGCAAT	231	Pf3D7_14_v3	188
