chrom	insert_start	insert_end	target_name	fwd_primer	rev_primer
PKNH_12_v2	198893	199083	PKNH_12_v2-0198893-0199083	CTCCAATAAAGTGGAACAGACAAGA	ATAAAATGGTGCTTCTGAAAAGATACATCA
Pf3D7_13_v3	1041624	1041829	Pf3D7_13_v3-1041624-1041829	AGATTATTGGTTTAGGTGGTGTATTAGATACA	GGTGATGCATGTAAGTTTACAATTTCTAATG
PmUG01_12_v1	1398020	1398213	PmUG01_12_v1-1398020-1398213	CATTTCAATAATAGCAGCAGCTGGA	ATCACAAAAATTAAATGTTTGTCCAAGAGATG
PocGH01_12_v1	1106482	1106671	PocGH01_12_v1-1106482-1106671	GTGGAGCATATCAAAACCTTTTTCAAA	CATGGCAATAAAATGGTTGTGTTGAA
PvP01_12_v1	1185007	1185184	PvP01_12_v1-1185007-1185184	CCTCTAGTAGAGTGGAACAAACAAG	AGGTACATCACAGTTGGAGGTATC
Pf3D7_08_v3	1365741	1365924	Pf3D7_08_v3-1365741-1365924	TTTCTGAATCATCTTTTGGTATTTTTGTTTTCA	ATGTAACAGCATTAGATAAAGGTACTGGTA
Pf3D7_08_v3	1366658	1366823	Pf3D7_08_v3-1366658-1366823	AATCTTCTTAATGATTTTGAATTTTTGGAAACA	AAAAGGAAAAGGTGAACAAAATATTCTTATTTT
Pf3D7_08_v3	1370632	1370825	Pf3D7_08_v3-1370632-1370825	AAATCTGGAATAGGAACAAAGTGATTATGG	GCAACAATGAGAAAATGAATTTGCACAA
Pf3D7_08_v3	1375056	1375259	Pf3D7_08_v3-1375056-1375259	ATTTAAATTAAGTCCTTTTGCATTTTTGCTAC	AAAAATAAAGTATTATCCGCTGCCG
Pf3D7_08_v3	1386821	1387013	Pf3D7_08_v3-1386821-1387013	CATAAGCGTGTTAGTAGTTTCAGTTGT	CTTTGAATGGTGTTCCATTGAAATCAATTA
Pf3D7_11_v3	1294305	1294547	Pf3D7_11_v3-1294305-1294547	ACTTCCATCAGGGAAATGTCCA	TCATCATAAACAGCTGGATATTTATAATTTGAA
Pf3D7_11_v3	1902064	1902257	Pf3D7_11_v3-1902064-1902257	AGATTGGACATATGTCTCTTCATTTATCAGA	CTGCCCAAATACCCCAATAGT
Pf3D7_11_v3	1950426	1950606	Pf3D7_11_v3-1950426-1950606	GCATGATGAGAGTTGTGATGAATTCT	GAGATTTACAAACGTCTAAACCATTTTCAC
Pf3D7_11_v3	1968063	1968242	Pf3D7_11_v3-1968063-1968242	CGTATTGTAGAAGATACTTCACATGTTAATAAT	GCACTTTATATTGTCTTTTAGTTCTGGTTTT
Pf3D7_11_v3	2001753	2001929	Pf3D7_11_v3-2001753-2001929	CAGGAAAAAGTTCCTAAAGAATCTAAAAATACC	AAAAACACCTTCCTTCATATGATCC
Pf3D7_11_v3	2001998	2002198	Pf3D7_11_v3-2001998-2002198	AAAAACATCACATAGGAAAGAAGTTGATGA	CTTCTTCATCTCCTGGATTCTTGT
Pf3D7_13_v3	1465035	1465280	Pf3D7_13_v3-1465035-1465280	GCTCCTGGTACTACGAATTTATAAGC	TGGATAATGAAAGGAAACAAAGTGACC
Pf3D7_13_v3	2770648	2770821	Pf3D7_13_v3-2770648-2770821	GCAACACATCGATTTTATCAAAAGGAAA	TTTTTCAATTATCGAGGGTAAACTTATTAGATT
Pf3D7_13_v3	2780366	2780542	Pf3D7_13_v3-2780366-2780542	AAAAATGAGGGCCGGTAGTTC	GTATTTCTGAAGGACTATATATGGAACAATTCA
Pf3D7_13_v3	2814630	2814826	Pf3D7_13_v3-2814630-2814826	GCTGAAAAGGGTCAGTCTTCTAATT	GAGGATTTATTGTTTCCTTATTCCCTTGA
Pf3D7_13_v3	2816333	2816526	Pf3D7_13_v3-2816333-2816526	GGTGGAGAGGTAACACATACTGAT	CTTGTAGAAGGAATAGATACACCATCCT
Pf3D7_13_v3	2840494	2840703	Pf3D7_13_v3-2840494-2840703	AAATCGCTATCCTATAAATTACAAAACAAGAAT	ACACCATTAAATCCATTTAATCGAAGATTAAAA
Pf3D7_13_v3	2841410	2841661	Pf3D7_13_v3-2841410-2841661	ACCTGCATGTGCTTGACTTTC	AAAAATAAAATATTATCCGCTGCCGTT
Pf3D7_13_v3	2844354	2844599	Pf3D7_13_v3-2844354-2844599	ATGCTAGGTGTATACGCACAG	AACCTTATGAGACCCTCCTTTATATTTATC
Pf3D7_14_v3	854154	854394	Pf3D7_14_v3-0854154-0854394	AAACCATCGTGCTTAGGAAATAAAACT	AGATATTCATTTTAATGACAAGGACATGAATAG
Pf3D7_03_v3	221217	221388	Pf3D7_03_v3-0221217-0221388	AATTAATCGCAAACGTAATTAAATATTCACAAA	AAAAATTTGTAAAATGGAAAAATGTTCCAGT
Pf3D7_03_v3	221484	221679	Pf3D7_03_v3-0221484-0221679	TAGCAGAGCCAGGCTTTATTCT	AATGCAAATCCTAATAAAAACAATCAAGGTAAT
Pf3D7_03_v3	980796	980964	Pf3D7_03_v3-0980796-0980964	GGAAATCATCATAGATAACACTATTGCCTATT	ATTCCAATATAATGACGATGCATCTATTATTCT
Pf3D7_03_v3	981606	981797	Pf3D7_03_v3-0981606-0981797	TTTACAATATCTGTTTCTTCATTATAAGCACAC	TTCCAGACAACAAATGTGATCTTTCA
Pf3D7_03_v3	981945	982163	Pf3D7_03_v3-0981945-0982163	AGATTCACAATCATTTGGACGTTCA	AGGATGTAATGATTTGCTTTTGACGAAT
Pf3D7_03_v3	982331	982491	Pf3D7_03_v3-0982331-0982491	GTTTATATTATTACTATTTGTGTGTGGATCTGT	ACTTCAGATAAGAATTCACATCTTCATTCTAA
Pf3D7_04_v3	1077359	1077536	Pf3D7_04_v3-1077359-1077536	TGGAAATGATAATAATTTCGCTGAGTGTTATAT	TTTTTATCCTTGCAGTAACCCCTTTT
Pf3D7_04_v3	1082808	1083016	Pf3D7_04_v3-1082808-1083016	TTTGTTGTAAAATATTTGTCATATCTGATAGGT	ACGTTTAAAAAGATGATGGATGAATATAATACA
Pf3D7_04_v3	1083126	1083298	Pf3D7_04_v3-1083126-1083298	ACTATCTGTATCTTGTATACTATCTTCTACCT	GCTGTAGATGCTTTTATTAAGAAAATAAATGAA
Pf3D7_04_v3	1083442	1083635	Pf3D7_04_v3-1083442-1083635	TGAGGTATTATAACAAAATCCAAATGTCCTTC	TGATGGTTTAAAATATTTGTTTATTCCTTCTCA
Pf3D7_14_v3	860314	860509	Pf3D7_14_v3-0860314-0860509	CACAAGGAAACCTGTATGTGTTACAT	ACTATTACTTAATAAACAAGTCGTAGATGTTTT
Pf3D7_14_v3	860865	861038	Pf3D7_14_v3-0860865-0861038	GAAATTGGAGATGAAAGTACAGATTCTAGTTC	TTCATAGAAGAGGTAACATCACCATCAT
Pf3D7_01_v3	194763	194942	Pf3D7_01_v3-0194763-0194942	GGAAATGACCAAGACGTGAACC	TGTTTGAAAAGAACTCTAGCCCTTTATTATC
Pf3D7_04_v3	748128	748326	Pf3D7_04_v3-0748128-0748326	CGACGTTTTCGATATTTATGCCAT	TCATTTACATTATCCACAGTTTCTTTGTTTAAA
Pf3D7_04_v3	748406	748581	Pf3D7_04_v3-0748406-0748581	AAAAATTACAAAATGTTGTAGTTATGGGAAGAA	TCTAAAAATTCTTGATAAACAACGGAACCT
Pf3D7_05_v3	958105	958317	Pf3D7_05_v3-0958105-0958317	GCTGTATTATCAGGAGGAACATTACCT	TCAGATCTTAATTTAGATCCAGGATTATTATCA
Pf3D7_05_v3	958394	958580	Pf3D7_05_v3-0958394-0958580	AGTGAGTTCAGGAATTGGTACGA	CCCATTAAAGCCTCTTCTATAATGGACA
Pf3D7_05_v3	958952	959135	Pf3D7_05_v3-0958952-0959135	TGAAAGCTTTAGAAGCAACAAATAGTTTATATG	CAATTAATTTTAGTATGGTTGATTTCCCACAAC
Pf3D7_05_v3	960841	961021	Pf3D7_05_v3-0960841-0961021	CAGATGATGAAATGTTTAAAGATCCAAGTTTT	AATTAAGAAGGATCCAAACCAATAGGC
Pf3D7_05_v3	961543	961730	Pf3D7_05_v3-0961543-0961730	AAAAATGTAAATGAATTTTCAAACCAATCTGGA	ATAGCAGCAAACTTACTAACACGTTTAA
Pf3D7_06_v3	1214845	1215036	Pf3D7_06_v3-1214845-1215036	AACTTGTAATATTACGCTTCTAAATGTTGAT	TTCTTAATCTTTTCCTTATTCTCCTTATCCATA
Pf3D7_06_v3	1215267	1215479	Pf3D7_06_v3-1215267-1215479	ACAAAACCAAATGACAATCCAAAATCTATAAT	TGGTGGTGTTAGATCTAGTACGG
Pf3D7_06_v3	1215515	1215727	Pf3D7_06_v3-1215515-1215727	CACCACCAGGTGTAAATCGAC	AAAAACGAGTCATCAAAAAGTAGTAAGAA
Pf3D7_07_v3	403499	403683	Pf3D7_07_v3-0403499-0403683	GACCTTAACAGATGGCTCACG	AAAGAACATAATCATACAAATAAAGTTGTGAGT
Pf3D7_07_v3	403833	404021	Pf3D7_07_v3-0403833-0404021	ATCTATTCCACCTACCAATATAAAACATTACAC	CAAATGATTGGATATTTCCAGTAGTTCTTGT
Pf3D7_07_v3	404357	404564	Pf3D7_07_v3-0404357-0404564	AACAATAGCTCTTGTAGAAATGAAATTATCTTT	TCATGTTTGAAAAGCATACAGGCTAA
Pf3D7_07_v3	404808	404981	Pf3D7_07_v3-0404808-0404981	TTTTTCCAATTGTTCACTTCTTGTCTTATATTA	GTTTCTTCCCAAGAATAAACATGCG
Pf3D7_07_v3	405357	405543	Pf3D7_07_v3-0405357-0405543	AAAACCTTCGCATTGTTTTCCTTC	ACAATAGTATATGTCATGGTAGAAAATTTGTCG
Pf3D7_07_v3	405597	405815	Pf3D7_07_v3-0405597-0405815	CTATTGTTAGTTGTATACAAGGTCCAGC	GGTTCTCTTACAACATCACCCTATAAAAT
Pf3D7_07_v3	896645	896816	Pf3D7_07_v3-0896645-0896816	AATACATATAGAAAAGATGATAGAAGAAGCTCC	TTTTCATATTCTGTCGAGGATAACAATTCAATA
Pf3D7_08_v3	549609	549776	Pf3D7_08_v3-0549609-0549776	CAGATGGAGGTATTTTTGTTGAACCTA	TTGGTTTCGCATCACATTTAACAATTTTATT
Pf3D7_08_v3	549988	550182	Pf3D7_08_v3-0549988-0550182	ATGCATAAAAGAGGAAATCCACATACAAT	GGGCAATAAATCTTTTTCTTGAATATCCAATAA
Pf3D7_10_v3	490637	490844	Pf3D7_10_v3-0490637-0490844	AATACATATGTTTTTAGATGATGATTTTGAGGG	TCATTACGAGGATTATCATTTTTATCAGAATTT
Pf3D7_12_v3	2092558	2092765	Pf3D7_12_v3-2092558-2092765	ATGATTTGTTCATATTATAGGTACCATGGC	TCTTATGACCATTTAATATACATAAAGGATCCT
Pf3D7_13_v3	748286	748477	Pf3D7_13_v3-0748286-0748477	GGAAATTTTATCATTCCCCATTTCAATCATATC	TGATGATCAAAGTTATTTAGATGAAGAGCAAAT
Pf3D7_13_v3	958275	958482	Pf3D7_13_v3-0958275-0958482	TTTGATGAATTTGTTGTAACGTTTTGGTT	TCATGTGAAAAATGAAGAGCATGAGAAT
Pf3D7_13_v3	1724925	1725137	Pf3D7_13_v3-1724925-1725137	TGGTGAAAAGAAATGACATGAATTTAGAACT	GGGAACAATTTCCATATGCCTTATTAGAA
Pf3D7_13_v3	1725231	1725441	Pf3D7_13_v3-1725231-1725441	CTCTCACCATTAGTTCCACCAATG	GGTGTATGATCGTTTAAGAGATGTATGGTA
Pf3D7_13_v3	1725493	1725694	Pf3D7_13_v3-1725493-1725694	CATACACCTCAGTTTCAAATAAAGCCTTAT	GCCTTGTTGAAAGAAGCAGAATTTT
Pf3D7_13_v3	1725740	1725923	Pf3D7_13_v3-1725740-1725923	ACAAGGCTTCACTTTCACTTAAATCTTT	CTGAAACTATGATTGATATTAATGTTGGTGGA
Pf3D7_13_v3	1726089	1726271	Pf3D7_13_v3-1726089-1726271	TCGATTTCTTGTAAAAATCTTAATCTTTCTTCA	AAGACACAAATGAATTTTATTCGAGAAAAAGAT
Pf3D7_13_v3	1726755	1726967	Pf3D7_13_v3-1726755-1726967	TTTTTACTATCAAAGTTCGAATCTAATACACTC	GGAAGGAGAAAAAGTAAAAACAAAAGCA
Pf3D7_13_v3	2504513	2504701	Pf3D7_13_v3-2504513-2504701	AATTTACCTGAAGACGTTAAAAATGTAAAGTAC	TTTTTATAACTATCCCATTCGATATCTATACCT
Pf3D7_14_v3	283380	283552	Pf3D7_14_v3-0283380-0283552	AAGGTTTTGAGCTCTGTATTGAAAAATAAAT	GGAACCCATAAATTAGCTGAACCG
Pf3D7_14_v3	284005	284184	Pf3D7_14_v3-0284005-0284184	TGATTTTTATGAAGGACCTTTAACTTATGAAAA	GTAAATCATCGTTATCACAGGTGGTTA
Pf3D7_14_v3	288461	288664	Pf3D7_14_v3-0288461-0288664	TTTTTCTTATTGATTACCGGAGCATTATTTTAT	CATCATTTAATGTTACACTATCACCAGCATTA
Pf3D7_14_v3	289328	289517	Pf3D7_14_v3-0289328-0289517	TGTTGACAGTGGTACTAGTTCTATAACG	GTTCAAATCAACAGGTATTATAGATACCATACA
Pf3D7_14_v3	293607	293796	Pf3D7_14_v3-0293607-0293796	ACAGAAAGGATTTCAAATACTATATGTACTTCT	GTTTTAGTAAGTCCTGAATTAAGAAAATTGACA
Pf3D7_14_v3	294537	294730	Pf3D7_14_v3-0294537-0294730	GTACCAACTGACTTTTTAAATAAAATGTTGCA	GGGTCACCTAGAATAAAGGTTGG
Pf3D7_14_v3	297615	297824	Pf3D7_14_v3-0297615-0297824	AAATATTATTTGTGACAGTTTTCATAGTTTTGG	TCCACATTATCAAACTCACTACCTAAATAACT
Pf3D7_14_v3	297960	298129	Pf3D7_14_v3-0297960-0298129	CCATACAGCTTCATCTAATGTATGGG	ACAATTTCCGTCATTTCAATAAATTTATAGGGT
Pf3D7_14_v3	298400	298603	Pf3D7_14_v3-0298400-0298603	TTTGATGGACCATTGAACTATGAAAAATTAAAT	GTATATACTTTATTTGGTGAACGATATTCGAGT
Pf3D7_14_v3	1954881	1955099	Pf3D7_14_v3-1954881-1955099	ATTTACATCGTCTTTATCAATTGATGAATTTG	CCAGTTCATTAGATTCAAGAACCGA
Pf3D7_14_v3	1956088	1956301	Pf3D7_14_v3-1956088-1956301	ATGATATACATTATCCATCTCATTTGCTTTTGT	GGTATTCTAGTAAAAATTCGGGTGGTATC
Pf3D7_14_v3	1956395	1956609	Pf3D7_14_v3-1956395-1956609	AGATTCTTGTAATTCTATAAAAGCTGATTGT	GCAAAAGGATAGATATGAAAGGAAATAGCT
Pf3D7_14_v3	1957250	1957447	Pf3D7_14_v3-1957250-1957447	ATCATACTATAAACCATAAACAAAACTTTGAGT	AAATCATCAGTTGATTTATTTTTGTTGAATGTT
Pf3D7_14_v3	2481064	2481245	Pf3D7_14_v3-2481064-2481245	GTTTCATTTTAGATTTACCTTTTTGCGATCTC	GAAATTTACAACTGGAAGGTGAAAAACATAC
