chrom	insert_start	insert_end	target_id	fwd_primer	rev_primer
Pf3D7_01_v3	162898	163196	Pf3D7_01_v3-0162898-0163196	CGATCATCAAGCCGAATATATACCAA	TCAACAAATTTGAAGTGAGGAGTTCA
Pf3D7_01_v3	179214	179393	Pf3D7_01_v3-0179214-0179393	AGGATACATTACAACGTTCAATAAGCT	TGGTTTCGTCAACAGTATGAAACG
Pf3D7_01_v3	353037	353333	Pf3D7_01_v3-0353037-0353333	TTCTCCACGCTTTGTTCCGT	ACCCCTTCTCCCCTTTGAATG
Pf3D7_02_v3	290551	290785	Pf3D7_02_v3-0290551-0290785	ACGAATTGTATTTCTCCTAATATGTGCA	GGCACATAATCCAATAGATGTCCC
Pf3D7_02_v3	314635	314874	Pf3D7_02_v3-0314635-0314874	TGCAAAGGCCCAGGATAAGG	ACGGATTAATTGTACCACCATCAAA
Pf3D7_02_v3	320762	321021	Pf3D7_02_v3-0320762-0321021	TACTTTCCCTTGCCCTTGTG	CACTACAGATGAATCTGCTACAGGA
Pf3D7_02_v3	469991	470277	Pf3D7_02_v3-0469991-0470277	ATGTTGTTTGTGTGGTCATACGT	ACGCAGATATTTCCCTTGGCA
Pf3D7_02_v3	529613	529774	Pf3D7_02_v3-0529613-0529774	ACCAAAAGAAAATGAAAAAGACAAGAGT	ACACCAAAACCAGCTATTTCTTGA
Pf3D7_02_v3	714205	714512	Pf3D7_02_v3-0714205-0714512	ATGCACTGGCTCATCGTCAA	CATCCAAGGTTTTGTCTTACCTCAT
Pf3D7_02_v3	839542	839728	Pf3D7_02_v3-0839542-0839728	GTCCAATTGAGAATCCTGGAGAGT	AGGACCCAGATCATTAATTAAACCCA
Pf3D7_03_v3	221351	221639	Pf3D7_03_v3-0221351-0221639	TTAAGGAACAAGAAGGATAATACCA	AAATGACCCAAACCGAAATG
Pf3D7_03_v3	511200	511455	Pf3D7_03_v3-0511200-0511455	CCATTTTGACCTTCCTCTTTTGTCA	TCCAATGTTAAACGGAAAGAAAAACC
Pf3D7_03_v3	689064	689346	Pf3D7_03_v3-0689064-0689346	CAAACGAACAAGTGTCACACGA	CGTCTTGTTTGTCATATGGTGCA
Pf3D7_04_v3	110440	110612	Pf3D7_04_v3-0110440-0110612	AGTGCATTTTTCCCCCCCTC	ACGAGGAAGAAAGTGATGATGAAAA
Pf3D7_04_v3	316830	317044	Pf3D7_04_v3-0316830-0317044	TCAGGGATAAGGGAAACATATGAAGA	TCATGCTTCACATACACAAAATGAAAA
Pf3D7_04_v3	329320	329539	Pf3D7_04_v3-0329320-0329539	ACAAAGCAAAAAAGCCCGCT	ACATGATCATATTTGTGACAGCAGT
Pf3D7_04_v3	529294	529519	Pf3D7_04_v3-0529294-0529519	AATTTTTCAGCACTAGTTCCCTCAA	ACACGTACTTGTGGCGGAAA
Pf3D7_04_v3	530992	531242	Pf3D7_04_v3-0530992-0531242	AGAAAGAATTCAACTCGTTCACTTGT	GCATCCACAAACAGCCACAA
Pf3D7_04_v3	748111	748263	Pf3D7_04_v3-0748111-0748263	TGGAACAAGTCTGCGACGTT	TGATTCATTCACATATGTTGTAACTGCA
Pf3D7_04_v3	748408	748578	Pf3D7_04_v3-0748408-0748578	ACAAAATGTTGTAGTTATGGGAAGAACA	TCTTGATAAACAACGGAACCTCCT
Pf3D7_04_v3	891577	891788	Pf3D7_04_v3-0891577-0891788	TGTCAGCTACACGTTCTCCTC	TGTTCGGTTCATTTGTTTGAGCA
Pf3D7_04_v3	1037533	1037747	Pf3D7_04_v3-1037533-1037747	AAATGCTGAAGATGAACCAAGAGAT	TTCCGATAACGATCCACCACA
Pf3D7_04_v3	1102359	1102587	Pf3D7_04_v3-1102359-1102587	AGCCAAAAAGGAGATCAGCAAAG	TGCTTCATCCAAACATACATCCTC
Pf3D7_05_v3	91859	92094	Pf3D7_05_v3-0091859-0092094	ACGAAACGAATAGTTCATCTAATGACA	TTTATCTTCTCCCCCACTTGCT
Pf3D7_05_v3	132069	132330	Pf3D7_05_v3-0132069-0132330	AATCCCACTTCAAATGAACAAGCT	AATCTTTCAGGTTTGGTAAAGGAGTAAT
Pf3D7_05_v3	172725	172936	Pf3D7_05_v3-0172725-0172936	CGTTCAGAAACTGGTTCAGGG	ACAATTCGCGAGTAGGTTCCA
Pf3D7_05_v3	329385	329688	Pf3D7_05_v3-0329385-0329688	CAACAGGAGGAACACTAAATTGTGA	ACGCTGGTCAATCATTACAGGA
Pf3D7_05_v3	369683	369941	Pf3D7_05_v3-0369683-0369941	ATGGAATATGAGGATTGTAACGAGAATT	GGAAGTGTTATATGTTTATGTGACCACA
Pf3D7_05_v3	796687	796928	Pf3D7_05_v3-0796687-0796928	GAACCCAAAAAAGACCCTTAGCA	CCAAGGTTCAGGGAAAAACAAGT
Pf3D7_05_v3	958098	958306	Pf3D7_05_v3-0958098-0958306	GTGCTGTATTATCAGGAGGAAC	CCAGGATTATTATCATGAAATTGTCC
Pf3D7_05_v3	958393	958466	Pf3D7_05_v3-0958393-0958466	GTGAGTTCAGGAATTGGTACG	CGCAAGTAATACATAAAGTCAAAC
Pf3D7_05_v3	960986	961021	Pf3D7_05_v3-0960986-0961021	GTAAATGCAGCTTTATGGGGAT	GAAGGATCCAAACCAATAGGC
Pf3D7_05_v3	961554	961643	Pf3D7_05_v3-0961554-0961643	CCAATCTGGATCTGCAGAAGA	ACATGGGTTCTTGACTAACTATTG
Pf3D7_05_v3	1043223	1043499	Pf3D7_05_v3-1043223-1043499	ACCAAGTACATGCAACCTAGGT	GCTTTGATTTTCTTTTGTGTTCTCCA
Pf3D7_06_v3	532137	532359	Pf3D7_06_v3-0532137-0532359	GGAGTTGGAGTAGAACAAGCCA	CGTGGCATTCGTTGGATCAC
Pf3D7_06_v3	664651	664902	Pf3D7_06_v3-0664651-0664902	TCCATTCGGTTCGTCTGACC	AACTTGTCGAAAGGAAAGAAAAGAGA
Pf3D7_06_v3	851815	852089	Pf3D7_06_v3-0851815-0852089	CTGTTTCGTCTATTATGGCTGTTGT	TGAAAGTGCAAGTAGTGACTCTGA
Pf3D7_06_v3	938126	938271	Pf3D7_06_v3-0938126-0938271	AGAATCTACTAAATCTCTTGAGGGTGG	AAAGTGGAAGTAGTAGATTTTCTGGAAG
Pf3D7_06_v3	1282672	1282927	Pf3D7_06_v3-1282672-1282927	CTCCAAATGTACAAGTGAGGAGTTATT	CAGGCATTTCTTGAGCGTCG
Pf3D7_07_v3	340730	340878	Pf3D7_07_v3-0340730-0340878	TGAATGAAATACAAAATGTTAGCGACG	GCATCTTCTTCAAAATTTTCTTCTGGT
Pf3D7_07_v3	475460	475678	Pf3D7_07_v3-0475460-0475678	ACATGGCTCTTTACTTACAGTCAAAA	TCAACACAGTAACTGCACTTTTTACA
Pf3D7_07_v3	505631	505919	Pf3D7_07_v3-0505631-0505919	TGGAGGATTTCGAGATTATTGTGGA	TTGCACACTTGACATGAATCACT
Pf3D7_07_v3	717300	717466	Pf3D7_07_v3-0717300-0717466	ATGAAGGTGTGGGGAGCTTG	ATCCCTCTCTATCTCATCTTCATTCTT
Pf3D7_07_v3	1044051	1044206	Pf3D7_07_v3-1044051-1044206	TTTCATCATCAGCATCGACTTCTTT	AGGAAAACAGATATGAGCTCCTTCT
Pf3D7_07_v3	1213306	1213540	Pf3D7_07_v3-1213306-1213540	TCGAGGGTTGCTCAAATATTTTTTCA	TCCAACAAACACATACATAAAACCCA
Pf3D7_07_v3	1262470	1262669	Pf3D7_07_v3-1262470-1262669	TCATCGTTTGATTTTTCCAGTGAGT	ACGTTTTAATATTTCCAACAACAATCGT
Pf3D7_08_v3	149873	150176	Pf3D7_08_v3-0149873-0150176	TGAGGATCAACAAGACGTTTCTGA	AGTTTGACGCCAGGGATGAA
Pf3D7_08_v3	336416	336656	Pf3D7_08_v3-0336416-0336656	GCAGTGCGCATACCCATTC	CCCATCACTAAAAGGAAGACAAGC
Pf3D7_08_v3	339395	339560	Pf3D7_08_v3-0339395-0339560	TCCAACCGCTTCAGGAACTC	AGATGGAAAGCAACCTACAACGA
Pf3D7_08_v3	399721	399930	Pf3D7_08_v3-0399721-0399930	TGAAGATGCCGATTGCTCCT	GATGACAATTTTGCTCTTGTGAATGA
Pf3D7_08_v3	476123	476372	Pf3D7_08_v3-0476123-0476372	AGAACTTTGGCATGCATCAGC	ACGTTGAAAAATGTTCTTCATGTTGT
Pf3D7_08_v3	549673	549714	Pf3D7_08_v3-0549673-0549714	GGTGCTAGTGTTATAGATATAGGTGG	ACAGGTACTACTAAATCTCTTTCAC
Pf3D7_08_v3	549986	550212	Pf3D7_08_v3-0549986-0550212	TGCATAAAAGAGGAAATCCACATACA	ACATTTTGATCATTCATGCAATGGG
Pf3D7_08_v3	1176254	1176505	Pf3D7_08_v3-1176254-1176505	ACATGTCTATGAACCAGTCGCA	GCCACAATTTCATCGCCTACC
Pf3D7_08_v3	1237545	1237771	Pf3D7_08_v3-1237545-1237771	TGGATGCATCATTTTTGTCTTTATTGTT	ACCCCTTCCCCATCAAGAGA
Pf3D7_08_v3	1313191	1313368	Pf3D7_08_v3-1313191-1313368	TGGTTTTGTGATTTAAAAGAAACGTTGA	CCTTGTGCCTTTTCTAATTCATCCA
Pf3D7_08_v3	1314744	1314964	Pf3D7_08_v3-1314744-1314964	AGTGGAACATATGAAATTCAAGAGGAA	AACCAATGTTTATTTTTCCATTCCTTCA
Pf3D7_09_v3	270813	271033	Pf3D7_09_v3-0270813-0271033	TCTGTCACTAGAACTGTCTCTCTTTT	AGTACAAGTGCTGCATCTACTAGT
Pf3D7_09_v3	282696	282855	Pf3D7_09_v3-0282696-0282855	AAAGTTCAAAAAATGTTACCCCTTGTT	CCTCCGATATATCTCAAGCAATTTGC
Pf3D7_09_v3	452516	452710	Pf3D7_09_v3-0452516-0452710	CACATTTTGAATGCTCGCTGC	TCGACCTGCTTCAATGCATTC
Pf3D7_09_v3	1379052	1379296	Pf3D7_09_v3-1379052-1379296	ACAGAAAGGTATTCCTGTTGTTATGAG	TGTTGTTTGTTGTTTCAGGATGTGT
Pf3D7_10_v3	317475	317693	Pf3D7_10_v3-0317475-0317693	TCTTGTCTCATGTCATGTGTACAATC	ACCAGGTTCAAATTCTTCTGCAA
Pf3D7_10_v3	361459	361693	Pf3D7_10_v3-0361459-0361693	TGCAGCTGATACAAGGTGATTTAAA	GGTGGTGGTACAGGTAGTGG
Pf3D7_10_v3	471149	471410	Pf3D7_10_v3-0471149-0471410	AGGAATACAGTTTTCTCATGCTAGGT	TCTGGTGGTATCGTGTCATCTTT
Pf3D7_10_v3	740620	740803	Pf3D7_10_v3-0740620-0740803	AGTTCCATATTGTCGTCACCTAGA	AGTTGGGGGTTATCAAGACAATGA
Pf3D7_10_v3	922178	922325	Pf3D7_10_v3-0922178-0922325	TGATCTAAATGTTACCACTGAAAAGCA	TCATCTGCTTCCTTTAACATTTTTCCA
Pf3D7_10_v3	1383723	1383877	Pf3D7_10_v3-1383723-1383877	AGAAACCATTTGATGAGAACCTTAGTT	TCAGCTAAGCTTAATTTGTTCTCATCC
Pf3D7_10_v3	1392590	1392876	Pf3D7_10_v3-1392590-1392876	GGAAGAGGGACCCATTGTATCC	TCCTCTTCAACTTCGTCTTCCG
Pf3D7_10_v3	1414386	1414671	Pf3D7_10_v3-1414386-1414671	AGAAGGAGACCTGAATGGAAAGG	CAACAGTTGCACGGTGTGAA
Pf3D7_10_v3	1427587	1427763	Pf3D7_10_v3-1427587-1427763	TGAAGTATGGAGGGTCGTTTGA	TGCTCTTGGTCCTTCAGGTC
Pf3D7_11_v3	408531	408761	Pf3D7_11_v3-0408531-0408761	ACGAATGAACAAAATTATGATACACAGG	ACCAGAGGACGGACATTCTTT
Pf3D7_11_v3	565036	565295	Pf3D7_11_v3-0565036-0565295	TGTAGTTGCTAAGGGAGACGG	ATGAAAACACATGGGGGAGGA
Pf3D7_11_v3	1006906	1007122	Pf3D7_11_v3-1006906-1007122	GCGTGGTTTGGGAGGATTCT	CCGAAATAATACATCAAGGCGACA
Pf3D7_11_v3	1018697	1018988	Pf3D7_11_v3-1018697-1018988	CACGTTCTGAACAACACATGCA	TGCATTGTCCTTCAGATTCTTTATCC
Pf3D7_11_v3	1020320	1020495	Pf3D7_11_v3-1020320-1020495	TGCATGTGTCACCTTCTTTTTTTTT	AGGATAACAGAAACATTAAACACAACCA
Pf3D7_11_v3	1127022	1127214	Pf3D7_11_v3-1127022-1127214	ATGCTTTCACCATTCAATTTTCAAGT	ACATTACCGATTCCAGAGATCGA
Pf3D7_11_v3	1294307	1294503	Pf3D7_11_v3-1294307-1294503	CCATCAGGGAAATGTCCAGT	TTTCCTGCATGTCTTGAACA
Pf3D7_11_v3	1419712	1419878	Pf3D7_11_v3-1419712-1419878	GCTGCAGGTTGTATAGATGCC	AGATAAGGTTCCTGATACGCCTT
Pf3D7_11_v3	1802026	1802293	Pf3D7_11_v3-1802026-1802293	TCTGCTGCATTTATAATACTCCCATG	TGGTTTCCCATCACCAGATACC
Pf3D7_11_v3	1934869	1935095	Pf3D7_11_v3-1934869-1935095	AGGATATAAATTCGTCAATGGATTGGAT	ACATCCTTAGATCCAAAAACGTCAAT
Pf3D7_12_v3	529538	529804	Pf3D7_12_v3-0529538-0529804	TCCTTTAGCTGCTCCCCAAAA	TGACGAAACGTTGGTGGTTTT
Pf3D7_12_v3	884552	884708	Pf3D7_12_v3-0884552-0884708	TGTGCTTGGTTCACTTAATTTTTTGG	ACCTCTTAATGTATCCAGAGAACAGT
Pf3D7_12_v3	974604	974814	Pf3D7_12_v3-0974604-0974814	AGGAAGACCTTGTTGTGATAGATGA	CCTTCCTTATTTTCTTCTTTGGTTTCG
Pf3D7_12_v3	1400706	1400905	Pf3D7_12_v3-1400706-1400905	TGTTCACCATCAAAATTGCCCT	ACCGAGAATTCCATTTTTTCATTTTTCT
Pf3D7_12_v3	1663438	1663602	Pf3D7_12_v3-1663438-1663602	TGAAAATACGTATGCACCGATTTTCT	TTTTCGAATCAGCGCTATTTGGT
Pf3D7_12_v3	1934715	1934969	Pf3D7_12_v3-1934715-1934969	ACCTGGAATATTATCACCTTCTGCA	AGCGCAAGGATTATTAGTAACAATACT
Pf3D7_12_v3	2050122	2050361	Pf3D7_12_v3-2050122-2050361	CCCACTTGGTTTTGATTATCTCCC	AGAAAATATTCATTCTGAGCTTCTCCAA
Pf3D7_12_v3	2068828	2069062	Pf3D7_12_v3-2068828-2069062	TCAGAATGAAAAGTGTACCATGACAA	TGGTTCGTTTCCTCATCTTTCAATT
Pf3D7_12_v3	2118118	2118324	Pf3D7_12_v3-2118118-2118324	TGGTGTGGTAAATGTGGGAACA	GCACAAGAAGCTAGCCAAGG
Pf3D7_13_v3	146634	146897	Pf3D7_13_v3-0146634-0146897	TGGAGATACTGGTTGTGGGAAA	ACTTCTTTCATGTGCTTCATCAAGA
Pf3D7_13_v3	156668	156828	Pf3D7_13_v3-0156668-0156828	TGAATACACACAGATATGACACACCT	AGGTTCATCCGTTTTGTGTTCAT
Pf3D7_13_v3	463694	463848	Pf3D7_13_v3-0463694-0463848	AGGTACCGTTATTTCGTGTAATTTGT	AAAGGGGGATGCTGACTTGT
Pf3D7_13_v3	852664	852898	Pf3D7_13_v3-0852664-0852898	TGAAGAAAATGCTTTCAGATTTGAAACT	TGACTTGCACTTTTTCCATCGAA
Pf3D7_13_v3	911709	911952	Pf3D7_13_v3-0911709-0911952	TCTCCAAACCCGTACAACGT	AAAGGTTTACAACTTTCTCCTAGCAA
Pf3D7_13_v3	935649	935939	Pf3D7_13_v3-0935649-0935939	ACATGAATGATGACTACTCCAATCAAA	CTTGTAAGCATTCTTTTTTATGTGCTGA
Pf3D7_13_v3	1233114	1233283	Pf3D7_13_v3-1233114-1233283	GTGTGGGTTCCTCACAAATGTT	GAGAAGGTTCGGGTGTGTGA
Pf3D7_13_v3	1350740	1350985	Pf3D7_13_v3-1350740-1350985	TGGTTTCTTATTTGGTGTTTTTCGTTT	TGGCCCCTTTTACACCTTTCA
Pf3D7_13_v3	1367026	1367322	Pf3D7_13_v3-1367026-1367322	AGGACCACATTTGATGATACGCT	ACAATTTCGATGGATTCTACTAATTCGT
Pf3D7_13_v3	1403995	1404171	Pf3D7_13_v3-1403995-1404171	TTATGGTGGTTTGTACTGGGGA	GGCAAAGAAAAAAAGGGAAATAAGCA
Pf3D7_13_v3	1409147	1409355	Pf3D7_13_v3-1409147-1409355	TGCAATGTAGAATTTGTATTGTGCTCT	GCCGATGAACAAAAAAGAGATGC
Pf3D7_13_v3	1465058	1465378	Pf3D7_13_v3-1465058-1465378	TCCAGCACATGCGAGTAAAG	AAACCCGAAAATAAGCACGA
Pf3D7_13_v3	1611054	1611308	Pf3D7_13_v3-1611054-1611308	GGATGAATATTATGACAAGGTCCAACA	TCAATGAGTATATCCCGATGAATGGA
Pf3D7_13_v3	1725229	1725466	Pf3D7_13_v3-1725229-1725466	TCTCTCACCATTAGTTCCACCAA	AAGGCTTTATTTGAAACTGAGGTGT
Pf3D7_13_v3	1867444	1867630	Pf3D7_13_v3-1867444-1867630	AAGCTACATTACCTCCGATTGGT	TGTATCATTTGCACGAACTCCTTG
Pf3D7_13_v3	2114377	2114646	Pf3D7_13_v3-2114377-2114646	AGGTTCTATTACCCCCTAAGAGGT	ACCCAGTGTACGAAATCTACAACA
Pf3D7_13_v3	2124610	2124886	Pf3D7_13_v3-2124610-2124886	TGGATGTAAAGCACTAACTAATTTGGT	ACGTTGTGAATACCACTCAAGGA
Pf3D7_13_v3	2161793	2162072	Pf3D7_13_v3-2161793-2162072	ACCATATGCATCTACATTTTTGAAGGT	TGCATGCTTTTAATAAAGGCCCA
Pf3D7_14_v3	283946	284182	Pf3D7_14_v3-0283946-0284182	CCTGTTCATGATAAACACGTTGGT	TCATCGTTATCACAGGTGGTTACA
Pf3D7_14_v3	289132	289426	Pf3D7_14_v3-0289132-0289426	TCGAACAAGCCGTTTTTACCTT	TGCTGATCTGAATTCTAGAGTTGGT
Pf3D7_14_v3	294267	294493	Pf3D7_14_v3-0294267-0294493	GGTTCAGTAGATCCAATTGTTGTTGA	TCAGTTGGTACAGTAATGGCACT
Pf3D7_14_v3	298315	298598	Pf3D7_14_v3-0298315-0298598	GCCGTTTATTCCATTTATTTACCACC	GGTGAACGATATTCGAGTGTTGG
Pf3D7_14_v3	377735	377992	Pf3D7_14_v3-0377735-0377992	CCTATTCATATCAAGTTTATGCTTTGCC	TGCACAATAATGGAAAAAGAAAATGCA
Pf3D7_14_v3	407304	407540	Pf3D7_14_v3-0407304-0407540	TGTCTACACGCGTATTTCATAGCT	AGACGAAAAAATTGGGAACATACCA
Pf3D7_14_v3	771445	771635	Pf3D7_14_v3-0771445-0771635	GATCCATTACCCACGGGACA	GGGGAAAAAACAAATGATGTGCC
Pf3D7_14_v3	861348	861526	Pf3D7_14_v3-0861348-0861526	AAACGTGATGCAAATCCAGATGT	TCGAAAAGTTCTGGCATGGTAGT
Pf3D7_14_v3	1166134	1166381	Pf3D7_14_v3-1166134-1166381	AGAATGGGATGGAAAATATGTATTCGAT	TGAGAATCTTCTTGAAAGCGCG
Pf3D7_14_v3	1171268	1171542	Pf3D7_14_v3-1171268-1171542	GGAAACGATTACAAAAAATTTAGGCCA	ACAAATAGGAATCATCAAAAACATGAGG
Pf3D7_14_v3	1956090	1956268	Pf3D7_14_v3-1956090-1956268	ACATTATCCATCTCATTTGCTTTTGTTC	TGATAGAGGTACCGAGAGTGCT
Pf3D7_14_v3	1992261	1992429	Pf3D7_14_v3-1992261-1992429	AGGTGCACCCCATGAACATT	TCTTATTATGAAAGCTGTACATCCGATT
Pf3D7_14_v3	2004440	2004658	Pf3D7_14_v3-2004440-2004658	AGGGCTTTTTCTTGCTCTTCTAATT	GCTTAGTCATTCCAATAGCTGTTCA
Pf3D7_14_v3	2260554	2260788	Pf3D7_14_v3-2260554-2260788	GCATATGCAACCATACCACCAA	TGAGGAATGTATTGTACTTGTTGCG
Pf3D7_14_v3	2625781	2625944	Pf3D7_14_v3-2625781-2625944	TGCGGCTTGAACAGTTTCATT	GGAGGAAAAACTGAAGAAGTAATGGG
Pf3D7_14_v3	2695874	2696077	Pf3D7_14_v3-2695874-2696077	TGTTCGTTTCGTTTGAAATTTCGTT	TGTGGTACATTAATGTCTGATAGCG
Pf3D7_14_v3	2733574	2733868	Pf3D7_14_v3-2733574-2733868	CCTTGCTGCAATCAAAACCGT	TCCCTTGGTCAACCTTCTTTCT
Pf3D7_14_v3	2858927	2859162	Pf3D7_14_v3-2858927-2859162	ACATCTTTATTTGGACACCGTGTAA	ATCATGAACACCTTATATGCCTCTTTT
Pf3D7_14_v3	2954602	2954878	Pf3D7_14_v3-2954602-2954878	CAAGAAGTGCAAGCCAAGTCA	TGTAATTAAGCCATTGATCTGCTGT
Pf3D7_14_v3	2999348	2999565	Pf3D7_14_v3-2999348-2999565	ATATGTACCGCACCCCCCTT	AGGATGTGAAAAAAACGAAGTAGAAAAA
Pf3D7_14_v3	3126044	3126232	Pf3D7_14_v3-3126044-3126232	AGAAAATAACAAGAGAATCAGGGCAA	TCCATCTCTAGGTAATAACGTACCATT
