chromosome	amplicon_start	amplicon_end	ampInsert_start	ampInsert_end	fwd_primer	rev_primer
Pf3D7_01_v3	162872	163222	162899	163196	CGATCATCAAGCCGAATATATACCAA	TCAACAAATTTGAAGTGAGGAGTTCA
Pf3D7_01_v3	179187	179417	179215	179393	AGGATACATTACAACGTTCAATAAGCT	TGGTTTCGTCAACAGTATGAAACG
Pf3D7_01_v3	353017	353354	353038	353333	TTCTCCACGCTTTGTTCCGT	ACCCCTTCTCCCCTTTGAATG
Pf3D7_02_v3	290523	290809	290552	290785	ACGAATTGTATTTCTCCTAATATGTGCA	GGCACATAATCCAATAGATGTCCC
Pf3D7_02_v3	314615	314899	314636	314874	TGCAAAGGCCCAGGATAAGG	ACGGATTAATTGTACCACCATCAAA
Pf3D7_02_v3	320742	321046	320763	321021	TACTTTCCCTTGCCCTTGTG	CACTACAGATGAATCTGCTACAGGA
Pf3D7_02_v3	469968	470298	469992	470277	ATGTTGTTTGTGTGGTCATACGT	ACGCAGATATTTCCCTTGGCA
Pf3D7_02_v3	529585	529798	529614	529774	ACCAAAAGAAAATGAAAAAGACAAGAGT	ACACCAAAACCAGCTATTTCTTGA
Pf3D7_02_v3	714185	714537	714206	714512	ATGCACTGGCTCATCGTCAA	CATCCAAGGTTTTGTCTTACCTCAT
Pf3D7_02_v3	839518	839754	839543	839728	GTCCAATTGAGAATCCTGGAGAGT	AGGACCCAGATCATTAATTAAACCCA
Pf3D7_03_v3	221326	221659	221352	221639	TTAAGGAACAAGAAGGATAATACCA	AAATGACCCAAACCGAAATG
Pf3D7_03_v3	511175	511481	511201	511455	CCATTTTGACCTTCCTCTTTTGTCA	TCCAATGTTAAACGGAAAGAAAAACC
Pf3D7_03_v3	689042	689369	689065	689346	CAAACGAACAAGTGTCACACGA	CGTCTTGTTTGTCATATGGTGCA
Pf3D7_04_v3	110420	110637	110441	110612	AGTGCATTTTTCCCCCCCTC	ACGAGGAAGAAAGTGATGATGAAAA
Pf3D7_04_v3	316804	317071	316831	317044	TCAGGGATAAGGGAAACATATGAAGA	TCATGCTTCACATACACAAAATGAAAA
Pf3D7_04_v3	329300	329564	329321	329539	ACAAAGCAAAAAAGCCCGCT	ACATGATCATATTTGTGACAGCAGT
Pf3D7_04_v3	529269	529539	529295	529519	AATTTTTCAGCACTAGTTCCCTCAA	ACACGTACTTGTGGCGGAAA
Pf3D7_04_v3	530966	531262	530993	531242	AGAAAGAATTCAACTCGTTCACTTGT	GCATCCACAAACAGCCACAA
Pf3D7_04_v3	748091	748291	748112	748263	TGGAACAAGTCTGCGACGTT	TGATTCATTCACATATGTTGTAACTGCA
Pf3D7_04_v3	748380	748602	748409	748578	ACAAAATGTTGTAGTTATGGGAAGAACA	TCTTGATAAACAACGGAACCTCCT
Pf3D7_04_v3	891556	891811	891578	891788	TGTCAGCTACACGTTCTCCTC	TGTTCGGTTCATTTGTTTGAGCA
Pf3D7_04_v3	1037508	1037768	1037534	1037747	AAATGCTGAAGATGAACCAAGAGAT	TTCCGATAACGATCCACCACA
Pf3D7_04_v3	1102336	1102611	1102360	1102587	AGCCAAAAAGGAGATCAGCAAAG	TGCTTCATCCAAACATACATCCTC
Pf3D7_05_v3	91832	92116	91860	92094	ACGAAACGAATAGTTCATCTAATGACA	TTTATCTTCTCCCCCACTTGCT
Pf3D7_05_v3	132045	132358	132070	132330	AATCCCACTTCAAATGAACAAGCT	AATCTTTCAGGTTTGGTAAAGGAGTAAT
Pf3D7_05_v3	172704	172957	172726	172936	CGTTCAGAAACTGGTTCAGGG	ACAATTCGCGAGTAGGTTCCA
Pf3D7_05_v3	329360	329710	329386	329688	CAACAGGAGGAACACTAAATTGTGA	ACGCTGGTCAATCATTACAGGA
Pf3D7_05_v3	369655	369969	369684	369941	ATGGAATATGAGGATTGTAACGAGAATT	GGAAGTGTTATATGTTTATGTGACCACA
Pf3D7_05_v3	796664	796951	796688	796928	GAACCCAAAAAAGACCCTTAGCA	CCAAGGTTCAGGGAAAAACAAGT
Pf3D7_05_v3	958076	958332	958099	958306	GTGCTGTATTATCAGGAGGAAC	CCAGGATTATTATCATGAAATTGTCC
Pf3D7_05_v3	958372	958490	958394	958466	GTGAGTTCAGGAATTGGTACG	CGCAAGTAATACATAAAGTCAAAC
Pf3D7_05_v3	960964	961042	960987	961021	GTAAATGCAGCTTTATGGGGAT	GAAGGATCCAAACCAATAGGC
Pf3D7_05_v3	961533	961667	961555	961643	CCAATCTGGATCTGCAGAAGA	ACATGGGTTCTTGACTAACTATTG
Pf3D7_05_v3	1043201	1043525	1043224	1043499	ACCAAGTACATGCAACCTAGGT	GCTTTGATTTTCTTTTGTGTTCTCCA
Pf3D7_06_v3	532115	532379	532138	532359	GGAGTTGGAGTAGAACAAGCCA	CGTGGCATTCGTTGGATCAC
Pf3D7_06_v3	664631	664928	664652	664902	TCCATTCGGTTCGTCTGACC	AACTTGTCGAAAGGAAAGAAAAGAGA
Pf3D7_06_v3	851790	852113	851816	852089	CTGTTTCGTCTATTATGGCTGTTGT	TGAAAGTGCAAGTAGTGACTCTGA
Pf3D7_06_v3	938099	938299	938127	938271	AGAATCTACTAAATCTCTTGAGGGTGG	AAAGTGGAAGTAGTAGATTTTCTGGAAG
Pf3D7_06_v3	1282645	1282947	1282673	1282927	CTCCAAATGTACAAGTGAGGAGTTATT	CAGGCATTTCTTGAGCGTCG
Pf3D7_07_v3	340703	340905	340731	340878	TGAATGAAATACAAAATGTTAGCGACG	GCATCTTCTTCAAAATTTTCTTCTGGT
Pf3D7_07_v3	475434	475704	475461	475678	ACATGGCTCTTTACTTACAGTCAAAA	TCAACACAGTAACTGCACTTTTTACA
Pf3D7_07_v3	505606	505942	505632	505919	TGGAGGATTTCGAGATTATTGTGGA	TTGCACACTTGACATGAATCACT
Pf3D7_07_v3	717280	717493	717301	717466	ATGAAGGTGTGGGGAGCTTG	ATCCCTCTCTATCTCATCTTCATTCTT
Pf3D7_07_v3	1044026	1044231	1044052	1044206	TTTCATCATCAGCATCGACTTCTTT	AGGAAAACAGATATGAGCTCCTTCT
Pf3D7_07_v3	1213280	1213566	1213307	1213540	TCGAGGGTTGCTCAAATATTTTTTCA	TCCAACAAACACATACATAAAACCCA
Pf3D7_07_v3	1262445	1262697	1262471	1262669	TCATCGTTTGATTTTTCCAGTGAGT	ACGTTTTAATATTTCCAACAACAATCGT
Pf3D7_08_v3	149849	150196	149874	150176	TGAGGATCAACAAGACGTTTCTGA	AGTTTGACGCCAGGGATGAA
Pf3D7_08_v3	336397	336680	336417	336656	GCAGTGCGCATACCCATTC	CCCATCACTAAAAGGAAGACAAGC
Pf3D7_08_v3	339375	339583	339396	339560	TCCAACCGCTTCAGGAACTC	AGATGGAAAGCAACCTACAACGA
Pf3D7_08_v3	399701	399956	399722	399930	TGAAGATGCCGATTGCTCCT	GATGACAATTTTGCTCTTGTGAATGA
Pf3D7_08_v3	476102	476398	476124	476372	AGAACTTTGGCATGCATCAGC	ACGTTGAAAAATGTTCTTCATGTTGT
Pf3D7_08_v3	549647	549739	549674	549714	GGTGCTAGTGTTATAGATATAGGTGG	ACAGGTACTACTAAATCTCTTTCAC
Pf3D7_08_v3	549960	550237	549987	550212	TGCATAAAAGAGGAAATCCACATACA	ACATTTTGATCATTCATGCAATGGG
Pf3D7_08_v3	1176232	1176526	1176255	1176505	ACATGTCTATGAACCAGTCGCA	GCCACAATTTCATCGCCTACC
Pf3D7_08_v3	1237517	1237791	1237546	1237771	TGGATGCATCATTTTTGTCTTTATTGTT	ACCCCTTCCCCATCAAGAGA
Pf3D7_08_v3	1313163	1313393	1313192	1313368	TGGTTTTGTGATTTAAAAGAAACGTTGA	CCTTGTGCCTTTTCTAATTCATCCA
Pf3D7_08_v3	1314717	1314992	1314745	1314964	AGTGGAACATATGAAATTCAAGAGGAA	AACCAATGTTTATTTTTCCATTCCTTCA
Pf3D7_09_v3	270787	271057	270814	271033	TCTGTCACTAGAACTGTCTCTCTTTT	AGTACAAGTGCTGCATCTACTAGT
Pf3D7_09_v3	282669	282881	282697	282855	AAAGTTCAAAAAATGTTACCCCTTGTT	CCTCCGATATATCTCAAGCAATTTGC
Pf3D7_09_v3	452495	452731	452517	452710	CACATTTTGAATGCTCGCTGC	TCGACCTGCTTCAATGCATTC
Pf3D7_09_v3	1379025	1379321	1379053	1379296	ACAGAAAGGTATTCCTGTTGTTATGAG	TGTTGTTTGTTGTTTCAGGATGTGT
Pf3D7_10_v3	317449	317716	317476	317693	TCTTGTCTCATGTCATGTGTACAATC	ACCAGGTTCAAATTCTTCTGCAA
Pf3D7_10_v3	361434	361713	361460	361693	TGCAGCTGATACAAGGTGATTTAAA	GGTGGTGGTACAGGTAGTGG
Pf3D7_10_v3	471123	471433	471150	471410	AGGAATACAGTTTTCTCATGCTAGGT	TCTGGTGGTATCGTGTCATCTTT
Pf3D7_10_v3	740596	740827	740621	740803	AGTTCCATATTGTCGTCACCTAGA	AGTTGGGGGTTATCAAGACAATGA
Pf3D7_10_v3	922151	922352	922179	922325	TGATCTAAATGTTACCACTGAAAAGCA	TCATCTGCTTCCTTTAACATTTTTCCA
Pf3D7_10_v3	1383696	1383904	1383724	1383877	AGAAACCATTTGATGAGAACCTTAGTT	TCAGCTAAGCTTAATTTGTTCTCATCC
Pf3D7_10_v3	1392568	1392898	1392591	1392876	GGAAGAGGGACCCATTGTATCC	TCCTCTTCAACTTCGTCTTCCG
Pf3D7_10_v3	1414363	1414691	1414387	1414671	AGAAGGAGACCTGAATGGAAAGG	CAACAGTTGCACGGTGTGAA
Pf3D7_10_v3	1427565	1427783	1427588	1427763	TGAAGTATGGAGGGTCGTTTGA	TGCTCTTGGTCCTTCAGGTC
Pf3D7_11_v3	408503	408782	408532	408761	ACGAATGAACAAAATTATGATACACAGG	ACCAGAGGACGGACATTCTTT
Pf3D7_11_v3	565015	565316	565037	565295	TGTAGTTGCTAAGGGAGACGG	ATGAAAACACATGGGGGAGGA
Pf3D7_11_v3	1006886	1007146	1006907	1007122	GCGTGGTTTGGGAGGATTCT	CCGAAATAATACATCAAGGCGACA
Pf3D7_11_v3	1018675	1019014	1018698	1018988	CACGTTCTGAACAACACATGCA	TGCATTGTCCTTCAGATTCTTTATCC
Pf3D7_11_v3	1020295	1020523	1020321	1020495	TGCATGTGTCACCTTCTTTTTTTTT	AGGATAACAGAAACATTAAACACAACCA
Pf3D7_11_v3	1126996	1127237	1127023	1127214	ATGCTTTCACCATTCAATTTTCAAGT	ACATTACCGATTCCAGAGATCGA
Pf3D7_11_v3	1294287	1294523	1294308	1294503	CCATCAGGGAAATGTCCAGT	TTTCCTGCATGTCTTGAACA
Pf3D7_11_v3	1419691	1419901	1419713	1419878	GCTGCAGGTTGTATAGATGCC	AGATAAGGTTCCTGATACGCCTT
Pf3D7_11_v3	1802000	1802315	1802027	1802293	TCTGCTGCATTTATAATACTCCCATG	TGGTTTCCCATCACCAGATACC
Pf3D7_11_v3	1934841	1935121	1934870	1935095	AGGATATAAATTCGTCAATGGATTGGAT	ACATCCTTAGATCCAAAAACGTCAAT
Pf3D7_12_v3	529517	529825	529539	529804	TCCTTTAGCTGCTCCCCAAAA	TGACGAAACGTTGGTGGTTTT
Pf3D7_12_v3	884526	884734	884553	884708	TGTGCTTGGTTCACTTAATTTTTTGG	ACCTCTTAATGTATCCAGAGAACAGT
Pf3D7_12_v3	974579	974841	974605	974814	AGGAAGACCTTGTTGTGATAGATGA	CCTTCCTTATTTTCTTCTTTGGTTTCG
Pf3D7_12_v3	1400684	1400933	1400707	1400905	TGTTCACCATCAAAATTGCCCT	ACCGAGAATTCCATTTTTTCATTTTTCT
Pf3D7_12_v3	1663412	1663625	1663439	1663602	TGAAAATACGTATGCACCGATTTTCT	TTTTCGAATCAGCGCTATTTGGT
Pf3D7_12_v3	1934690	1934996	1934716	1934969	ACCTGGAATATTATCACCTTCTGCA	AGCGCAAGGATTATTAGTAACAATACT
Pf3D7_12_v3	2050098	2050389	2050123	2050361	CCCACTTGGTTTTGATTATCTCCC	AGAAAATATTCATTCTGAGCTTCTCCAA
Pf3D7_12_v3	2068802	2069087	2068829	2069062	TCAGAATGAAAAGTGTACCATGACAA	TGGTTCGTTTCCTCATCTTTCAATT
Pf3D7_12_v3	2118096	2118344	2118119	2118324	TGGTGTGGTAAATGTGGGAACA	GCACAAGAAGCTAGCCAAGG
Pf3D7_13_v3	146612	146922	146635	146897	TGGAGATACTGGTTGTGGGAAA	ACTTCTTTCATGTGCTTCATCAAGA
Pf3D7_13_v3	156642	156851	156669	156828	TGAATACACACAGATATGACACACCT	AGGTTCATCCGTTTTGTGTTCAT
Pf3D7_13_v3	463668	463868	463695	463848	AGGTACCGTTATTTCGTGTAATTTGT	AAAGGGGGATGCTGACTTGT
Pf3D7_13_v3	852636	852921	852665	852898	TGAAGAAAATGCTTTCAGATTTGAAACT	TGACTTGCACTTTTTCCATCGAA
Pf3D7_13_v3	911689	911978	911710	911952	TCTCCAAACCCGTACAACGT	AAAGGTTTACAACTTTCTCCTAGCAA
Pf3D7_13_v3	935622	935967	935650	935939	ACATGAATGATGACTACTCCAATCAAA	CTTGTAAGCATTCTTTTTTATGTGCTGA
Pf3D7_13_v3	1233092	1233303	1233115	1233283	GTGTGGGTTCCTCACAAATGTT	GAGAAGGTTCGGGTGTGTGA
Pf3D7_13_v3	1350713	1351006	1350741	1350985	TGGTTTCTTATTTGGTGTTTTTCGTTT	TGGCCCCTTTTACACCTTTCA
Pf3D7_13_v3	1367003	1367350	1367027	1367322	AGGACCACATTTGATGATACGCT	ACAATTTCGATGGATTCTACTAATTCGT
Pf3D7_13_v3	1403973	1404197	1403996	1404171	TTATGGTGGTTTGTACTGGGGA	GGCAAAGAAAAAAAGGGAAATAAGCA
Pf3D7_13_v3	1409120	1409378	1409148	1409355	TGCAATGTAGAATTTGTATTGTGCTCT	GCCGATGAACAAAAAAGAGATGC
Pf3D7_13_v3	1465038	1465398	1465059	1465378	TCCAGCACATGCGAGTAAAG	AAACCCGAAAATAAGCACGA
Pf3D7_13_v3	1611027	1611334	1611055	1611308	GGATGAATATTATGACAAGGTCCAACA	TCAATGAGTATATCCCGATGAATGGA
Pf3D7_13_v3	1725206	1725491	1725230	1725466	TCTCTCACCATTAGTTCCACCAA	AAGGCTTTATTTGAAACTGAGGTGT
Pf3D7_13_v3	1867421	1867654	1867445	1867630	AAGCTACATTACCTCCGATTGGT	TGTATCATTTGCACGAACTCCTTG
Pf3D7_13_v3	2114353	2114670	2114378	2114646	AGGTTCTATTACCCCCTAAGAGGT	ACCCAGTGTACGAAATCTACAACA
Pf3D7_13_v3	2124583	2124909	2124611	2124886	TGGATGTAAAGCACTAACTAATTTGGT	ACGTTGTGAATACCACTCAAGGA
Pf3D7_13_v3	2161766	2162095	2161794	2162072	ACCATATGCATCTACATTTTTGAAGGT	TGCATGCTTTTAATAAAGGCCCA
Pf3D7_14_v3	283922	284206	283947	284182	CCTGTTCATGATAAACACGTTGGT	TCATCGTTATCACAGGTGGTTACA
Pf3D7_14_v3	289110	289451	289133	289426	TCGAACAAGCCGTTTTTACCTT	TGCTGATCTGAATTCTAGAGTTGGT
Pf3D7_14_v3	294241	294516	294268	294493	GGTTCAGTAGATCCAATTGTTGTTGA	TCAGTTGGTACAGTAATGGCACT
Pf3D7_14_v3	298289	298621	298316	298598	GCCGTTTATTCCATTTATTTACCACC	GGTGAACGATATTCGAGTGTTGG
Pf3D7_14_v3	377707	378019	377736	377992	CCTATTCATATCAAGTTTATGCTTTGCC	TGCACAATAATGGAAAAAGAAAATGCA
Pf3D7_14_v3	407280	407565	407305	407540	TGTCTACACGCGTATTTCATAGCT	AGACGAAAAAATTGGGAACATACCA
Pf3D7_14_v3	771425	771658	771446	771635	GATCCATTACCCACGGGACA	GGGGAAAAAACAAATGATGTGCC
Pf3D7_14_v3	861325	861549	861349	861526	AAACGTGATGCAAATCCAGATGT	TCGAAAAGTTCTGGCATGGTAGT
Pf3D7_14_v3	1166106	1166403	1166135	1166381	AGAATGGGATGGAAAATATGTATTCGAT	TGAGAATCTTCTTGAAAGCGCG
Pf3D7_14_v3	1171241	1171570	1171269	1171542	GGAAACGATTACAAAAAATTTAGGCCA	ACAAATAGGAATCATCAAAAACATGAGG
Pf3D7_14_v3	1956062	1956290	1956091	1956268	ACATTATCCATCTCATTTGCTTTTGTTC	TGATAGAGGTACCGAGAGTGCT
Pf3D7_14_v3	1992241	1992457	1992262	1992429	AGGTGCACCCCATGAACATT	TCTTATTATGAAAGCTGTACATCCGATT
Pf3D7_14_v3	2004415	2004683	2004441	2004658	AGGGCTTTTTCTTGCTCTTCTAATT	GCTTAGTCATTCCAATAGCTGTTCA
Pf3D7_14_v3	2260532	2260813	2260555	2260788	GCATATGCAACCATACCACCAA	TGAGGAATGTATTGTACTTGTTGCG
Pf3D7_14_v3	2625760	2625970	2625782	2625944	TGCGGCTTGAACAGTTTCATT	GGAGGAAAAACTGAAGAAGTAATGGG
Pf3D7_14_v3	2695849	2696102	2695875	2696077	TGTTCGTTTCGTTTGAAATTTCGTT	TGTGGTACATTAATGTCTGATAGCG
Pf3D7_14_v3	2733553	2733890	2733575	2733868	CCTTGCTGCAATCAAAACCGT	TCCCTTGGTCAACCTTCTTTCT
Pf3D7_14_v3	2858902	2859189	2858928	2859162	ACATCTTTATTTGGACACCGTGTAA	ATCATGAACACCTTATATGCCTCTTTT
Pf3D7_14_v3	2954581	2954903	2954603	2954878	CAAGAAGTGCAAGCCAAGTCA	TGTAATTAAGCCATTGATCTGCTGT
Pf3D7_14_v3	2999328	2999593	2999349	2999565	ATATGTACCGCACCCCCCTT	AGGATGTGAAAAAAACGAAGTAGAAAAA
Pf3D7_14_v3	3126018	3126259	3126045	3126232	AGAAAATAACAAGAGAATCAGGGCAA	TCCATCTCTAGGTAATAACGTACCATT
